#pragma once
#include <cstdint>
namespace laya::vulkan_precision {
// Generated by benchmarks/generate_rotary_tables.py.
// Two-bit corrections relative to host double sin/cos rounded to float.
inline constexpr uint32_t rotary_rocm_inverse[64]={
0x3f800000,0x3f300a3a,0x3ef21c1f,0x3ea67d01,0x3e64f92e,0x3e1d7475,0x3dd88cb4,0x3d94e963,
0x3d4ccccd,0x3d0cd4fb,0x3cc1b019,0x3c8530ce,0x3c372dbf,0x3bfbed88,0x3bad3d5e,0x3b6e4237,
0x3b23d70a,0x3ae154c5,0x3a9af347,0x3a551ae3,0x3a128aff,0x39c98ad3,0x398a977e,0x393e9b60,
0x3903126f,0x38b443d0,0x3877eba6,0x382a7be8,0x37ea77ff,0x37a13bdc,0x375dbf30,0x37187c4d,
0x3f800000,0x3f3ff911,0x3f0ff59a,0x3ed7e89b,0x3ea1e89b,0x3e72d423,0x3e361887,0x3e088d77,
0x3dcccccd,0x3d99940d,0x3d6655c2,0x3d2cba15,0x3d0186e3,0x3cc2434f,0x3c91ad39,0x3c5a7bf2,
0x3c23d70a,0x3bf5b9b0,0x3bb8449c,0x3b8a2e77,0x3b4f3e38,0x3b1b690d,0x3ae91528,0x3aaec98e,
0x3a83126f,0x3a44948c,0x3a136a16,0x39dd1725,0x39a5cb60,0x3978a815,0x393a7753,0x390bd472,
};
inline constexpr uint8_t rotary_rocm_corrections[32768]={
0x55,0x55,0x55,0x55,0x55,0x55,0x55,0x55,0x55,0x55,0x55,0x55,0x55,0x55,0x55,0x55,0x54,0x55,0x55,0x55,0x55,0x55,0x55,0x55,0x11,0x55,0x55,0x55,0x55,0x55,0x55,0x55,
0x95,0x54,0x55,0x55,0x55,0x55,0x55,0x55,0x44,0x56,0x55,0x51,0x55,0x55,0x55,0x55,0x5,0x45,0x54,0x55,0x55,0x55,0x55,0x55,0x59,0x45,0x55,0x55,0x55,0x55,0x55,0x55,
0x65,0x59,0x55,0x55,0x55,0x55,0x55,0x55,0x65,0x55,0x55,0x55,0x55,0x55,0x55,0x55,0x45,0x45,0x55,0x55,0x55,0x55,0x55,0x55,0x55,0x58,0x55,0x55,0x55,0x55,0x55,0x55,
0x55,0x61,0x51,0x51,0x55,0x55,0x55,0x55,0x54,0x55,0x55,0x55,0x55,0x55,0x55,0x55,0x12,0x55,0x15,0x15,0x55,0x55,0x55,0x55,0x55,0x95,0x11,0x55,0x55,0x55,0x55,0x55,
0x65,0x51,0x45,0x54,0x55,0x55,0x55,0x55,0x55,0x92,0x55,0x55,0x55,0x55,0x55,0x55,0x65,0x55,0x55,0x55,0x55,0x55,0x55,0x55,0x51,0x55,0x55,0x55,0x55,0x55,0x55,0x55,
0x55,0x65,0x15,0x55,0x55,0x55,0x55,0x55,0x55,0x55,0x18,0x55,0x55,0x55,0x55,0x55,0x55,0x61,0x46,0x51,0x55,0x55,0x55,0x55,0x95,0x54,0x55,0x55,0x55,0x55,0x55,0x55,
0x55,0x45,0x12,0x55,0x55,0x55,0x55,0x55,0x51,0x45,0x15,0x54,0x55,0x55,0x55,0x55,0x56,0x15,0x51,0x45,0x55,0x55,0x55,0x55,0x55,0x54,0x45,0x55,0x55,0x55,0x55,0x55,
0x54,0x55,0x51,0x51,0x55,0x55,0x55,0x55,0x55,0x99,0x50,0x55,0x55,0x55,0x55,0x55,0x55,0x55,0x15,0x55,0x55,0x55,0x55,0x55,0x65,0x52,0x55,0x55,0x55,0x55,0x55,0x55,
0x54,0x55,0x58,0x54,0x55,0x55,0x55,0x55,0x55,0x5,0x15,0x45,0x55,0x55,0x55,0x55,0x45,0x12,0x45,0x55,0x55,0x55,0x55,0x55,0x15,0x25,0x59,0x54,0x55,0x55,0x55,0x55,
0x11,0x25,0x55,0x55,0x55,0x55,0x55,0x55,0x45,0x55,0x59,0x45,0x55,0x55,0x55,0x55,0x59,0x65,0x45,0x55,0x55,0x55,0x55,0x55,0x45,0x55,0x45,0x55,0x55,0x55,0x55,0x55,
0x15,0x55,0x94,0x54,0x55,0x55,0x55,0x55,0x15,0x55,0x44,0x55,0x55,0x55,0x55,0x55,0x55,0x65,0x55,0x55,0x54,0x55,0x55,0x55,0x95,0x55,0x55,0x54,0x55,0x55,0x55,0x55,
0x15,0x65,0x41,0x55,0x55,0x55,0x55,0x55,0x52,0x46,0x45,0x55,0x55,0x55,0x55,0x55,0x46,0x51,0x55,0x41,0x55,0x55,0x55,0x55,0x48,0x45,0xa5,0x50,0x55,0x55,0x55,0x55,
0x55,0x15,0x69,0x55,0x51,0x55,0x55,0x55,0x55,0x5a,0x54,0x55,0x55,0x55,0x55,0x55,0x11,0x55,0x65,0x41,0x55,0x55,0x55,0x55,0x56,0x55,0x65,0x44,0x55,0x55,0x55,0x55,
0x95,0x54,0x15,0x45,0x55,0x55,0x55,0x55,0x59,0x55,0x50,0x55,0x55,0x55,0x55,0x55,0x55,0x51,0x25,0x55,0x55,0x55,0x55,0x55,0x54,0x55,0x54,0x51,0x55,0x55,0x55,0x55,
0x55,0x55,0x11,0x55,0x55,0x55,0x55,0x55,0x55,0x95,0x55,0x6,0x55,0x55,0x55,0x55,0x51,0x51,0x51,0x51,0x55,0x55,0x55,0x55,0x56,0x55,0x55,0x41,0x55,0x55,0x55,0x55,
0x51,0x95,0x15,0x55,0x55,0x55,0x55,0x55,0x15,0x95,0x15,0x51,0x55,0x55,0x55,0x55,0x95,0x55,0x59,0x55,0x55,0x55,0x55,0x55,0x59,0x55,0x55,0x55,0x51,0x55,0x55,0x55,
0x55,0x54,0x45,0x5,0x55,0x55,0x55,0x55,0x65,0x95,0x15,0x51,0x51,0x55,0x55,0x55,0x55,0x55,0x94,0x55,0x55,0x55,0x55,0x55,0x50,0x54,0x55,0x55,0x55,0x55,0x55,0x55,
0x55,0x54,0x69,0x55,0x54,0x55,0x55,0x55,0x55,0x58,0x54,0x55,0x15,0x55,0x55,0x55,0x45,0x25,0x51,0x55,0x55,0x55,0x55,0x55,0x45,0x65,0x95,0x55,0x55,0x55,0x55,0x55,
0x45,0x55,0x94,0x15,0x55,0x55,0x55,0x55,0x55,0x59,0x55,0x45,0x54,0x55,0x55,0x55,0x45,0x11,0x95,0x55,0x55,0x55,0x55,0x55,0x59,0x5,0x61,0x55,0x15,0x55,0x55,0x55,
0x65,0x55,0x61,0x54,0x55,0x55,0x55,0x55,0x55,0x55,0x56,0x55,0x55,0x55,0x55,0x55,0x15,0x55,0x86,0x55,0x55,0x55,0x55,0x55,0x11,0x55,0x91,0x15,0x55,0x55,0x55,0x55,
0x95,0x25,0x95,0x45,0x55,0x55,0x55,0x55,0x5a,0x55,0x95,0x45,0x55,0x55,0x55,0x55,0x55,0x45,0x45,0x55,0x54,0x55,0x55,0x55,0x44,0x55,0x55,0x45,0x55,0x55,0x55,0x55,
0x59,0x55,0x55,0x54,0x55,0x55,0x55,0x55,0x54,0x55,0x56,0x45,0x55,0x55,0x55,0x55,0x55,0x51,0x55,0x15,0x55,0x55,0x55,0x55,0x55,0x54,0x56,0x54,0x41,0x55,0x55,0x55,
0x15,0x54,0x55,0x54,0x55,0x55,0x55,0x55,0x55,0x54,0x55,0x54,0x55,0x55,0x55,0x55,0x49,0x19,0x55,0x55,0x55,0x55,0x55,0x55,0x55,0x59,0x64,0x44,0x55,0x55,0x55,0x55,
0x11,0x45,0x65,0x59,0x55,0x55,0x55,0x55,0x55,0x55,0x56,0x45,0x55,0x55,0x55,0x55,0x55,0x56,0x15,0x54,0x55,0x55,0x55,0x55,0x54,0x54,0x95,0x14,0x55,0x55,0x55,0x55,
0x56,0x55,0x56,0x46,0x51,0x55,0x55,0x55,0x65,0x54,0x51,0x55,0x55,0x55,0x55,0x55,0x65,0x51,0x15,0x56,0x55,0x55,0x55,0x55,0x19,0x15,0x55,0x55,0x55,0x55,0x55,0x55,
0x55,0x54,0x54,0x56,0x55,0x51,0x55,0x55,0x11,0x15,0x55,0x55,0x55,0x55,0x55,0x55,0x96,0x55,0x54,0x55,0x55,0x55,0x55,0x55,0x14,0x55,0x55,0x12,0x55,0x55,0x55,0x55,
0x55,0x45,0x51,0x52,0x55,0x55,0x55,0x55,0x55,0x55,0x54,0x52,0x55,0x55,0x55,0x55,0x55,0x65,0x84,0x55,0x51,0x55,0x55,0x55,0x55,0x55,0x54,0x55,0x14,0x55,0x55,0x55,
0x66,0x55,0x55,0x16,0x54,0x55,0x55,0x55,0x51,0x56,0x55,0x56,0x51,0x55,0x55,0x55,0x55,0x59,0x45,0x55,0x55,0x55,0x55,0x55,0x55,0x59,0x55,0x56,0x55,0x55,0x55,0x55,
0x99,0x15,0x15,0x51,0x54,0x55,0x55,0x55,0x55,0x19,0x59,0x55,0x55,0x55,0x55,0x55,0x45,0x15,0x19,0x56,0x55,0x55,0x55,0x55,0x55,0x85,0x5,0x51,0x55,0x55,0x55,0x55,
0x65,0x55,0x55,0x56,0x44,0x55,0x55,0x55,0x59,0x55,0x19,0x51,0x54,0x55,0x55,0x55,0x55,0x55,0x54,0x52,0x55,0x55,0x55,0x55,0x95,0x55,0x55,0x51,0x50,0x55,0x55,0x55,
0x81,0x56,0x9,0x55,0x54,0x55,0x55,0x55,0x65,0x15,0x55,0x51,0x10,0x55,0x55,0x55,0x54,0x45,0x55,0x61,0x55,0x55,0x55,0x55,0x55,0x55,0x19,0x55,0x51,0x55,0x55,0x55,
0x16,0x55,0x59,0x55,0x55,0x55,0x55,0x55,0x15,0x55,0x19,0x15,0x55,0x55,0x55,0x55,0x19,0x51,0x59,0x65,0x55,0x55,0x55,0x55,0x5,0x51,0x15,0x45,0x15,0x55,0x55,0x55,
0x85,0x55,0x59,0x55,0x54,0x55,0x55,0x55,0x15,0x51,0x59,0x55,0x51,0x54,0x55,0x55,0x59,0x55,0x54,0x51,0x55,0x55,0x55,0x55,0x55,0x65,0x55,0x55,0x54,0x55,0x55,0x55,
0x95,0x59,0x95,0x55,0x55,0x55,0x55,0x55,0x92,0x15,0x55,0x55,0x51,0x55,0x55,0x55,0x56,0x14,0x94,0x55,0x55,0x55,0x55,0x55,0x55,0x16,0x51,0x54,0x54,0x55,0x55,0x55,
0x15,0x45,0x55,0x51,0x54,0x55,0x55,0x55,0x15,0x55,0x55,0x51,0x55,0x55,0x55,0x55,0x55,0x55,0x45,0x52,0x51,0x55,0x55,0x55,0x54,0x55,0x55,0x11,0x55,0x55,0x55,0x55,
0x55,0x55,0x59,0x55,0x55,0x55,0x55,0x55,0x55,0x55,0x45,0x55,0x44,0x55,0x55,0x55,0x11,0x55,0x55,0x59,0x54,0x55,0x55,0x55,0x45,0x45,0x55,0x58,0x50,0x55,0x55,0x55,
0x55,0x54,0x54,0x15,0x55,0x55,0x55,0x55,0x55,0x56,0x50,0x55,0x55,0x55,0x55,0x55,0x54,0x51,0x11,0x15,0x55,0x55,0x55,0x55,0x55,0x56,0x44,0x19,0x55,0x55,0x55,0x55,
0x54,0x59,0x55,0x59,0x55,0x55,0x55,0x55,0x55,0x56,0x55,0x55,0x51,0x55,0x55,0x55,0x55,0x55,0x56,0x59,0x55,0x55,0x55,0x55,0x54,0x54,0x55,0x45,0x55,0x55,0x55,0x55,
0x45,0x19,0x52,0x55,0x55,0x55,0x55,0x55,0x19,0x95,0x5,0x55,0x55,0x51,0x55,0x55,0x45,0x55,0x54,0x59,0x54,0x55,0x55,0x55,0x55,0x55,0x55,0x59,0x55,0x55,0x55,0x55,
0x55,0x55,0x54,0x49,0x55,0x55,0x55,0x55,0x59,0x55,0x55,0x59,0x51,0x55,0x55,0x55,0x55,0x55,0x55,0x55,0x55,0x55,0x55,0x55,0x55,0x25,0x54,0x45,0x55,0x55,0x55,0x55,
0x55,0x65,0x65,0x59,0x55,0x55,0x55,0x55,0x55,0x11,0x55,0x55,0x14,0x54,0x55,0x55,0x59,0x51,0x56,0x45,0x55,0x55,0x55,0x55,0x5,0x95,0x15,0x58,0x55,0x55,0x55,0x55,
0x55,0x55,0x64,0x55,0x55,0x55,0x55,0x55,0x55,0x55,0x55,0x45,0x55,0x55,0x55,0x55,0x51,0x55,0x55,0x59,0x55,0x55,0x55,0x55,0x14,0x50,0x15,0x59,0x51,0x55,0x55,0x55,
0x51,0x11,0x65,0x55,0x55,0x55,0x55,0x55,0x95,0x59,0x65,0x54,0x55,0x55,0x55,0x55,0x54,0x44,0x61,0x95,0x44,0x55,0x55,0x55,0x55,0x54,0x56,0x55,0x55,0x55,0x55,0x55,
0x55,0x55,0x55,0x55,0x51,0x55,0x55,0x55,0x54,0x65,0x55,0x55,0x45,0x55,0x55,0x55,0x55,0x50,0x51,0x54,0x54,0x55,0x55,0x55,0x59,0x55,0x14,0x55,0x55,0x55,0x55,0x55,
0x55,0x55,0x54,0x44,0x55,0x55,0x55,0x55,0x55,0x51,0x54,0x94,0x44,0x55,0x55,0x55,0x16,0x55,0x55,0x55,0x55,0x55,0x55,0x55,0x55,0x55,0x55,0x44,0x51,0x55,0x55,0x55,
0x55,0x55,0x15,0x45,0x54,0x55,0x55,0x55,0x55,0x10,0x14,0x54,0x54,0x55,0x55,0x55,0x45,0x55,0x55,0x55,0x45,0x55,0x55,0x55,0x55,0x44,0x55,0x45,0x55,0x55,0x55,0x55,
0x45,0x55,0x65,0x55,0x55,0x51,0x55,0x55,0x55,0x51,0x65,0x55,0x55,0x55,0x55,0x55,0x54,0x51,0x55,0x45,0x41,0x55,0x55,0x55,0x55,0x55,0x65,0x56,0x51,0x55,0x55,0x55,
0x51,0x85,0x65,0x55,0x15,0x55,0x55,0x55,0x51,0x65,0x55,0x55,0x54,0x55,0x55,0x55,0x95,0x95,0x55,0x45,0x55,0x55,0x55,0x55,0x55,0x51,0x55,0x55,0x55,0x55,0x55,0x55,
0x44,0x55,0x51,0x45,0x45,0x55,0x55,0x55,0x45,0x51,0x54,0x55,0x54,0x55,0x55,0x55,0x11,0x15,0x55,0x55,0x55,0x55,0x55,0x55,0x45,0x98,0x41,0x55,0x55,0x55,0x55,0x55,
0x52,0x55,0x45,0x5,0x11,0x55,0x55,0x55,0x62,0x15,0x50,0x52,0x51,0x55,0x55,0x55,0x55,0x65,0x64,0x55,0x55,0x55,0x55,0x55,0x41,0x65,0x45,0x46,0x55,0x55,0x55,0x55,
0x54,0x55,0x45,0x55,0x55,0x55,0x55,0x55,0x55,0x55,0x55,0x59,0x54,0x55,0x55,0x55,0x61,0x55,0x65,0x59,0x51,0x55,0x55,0x55,0x55,0x45,0x56,0x65,0x55,0x55,0x55,0x55,
0x19,0x45,0x65,0x55,0x41,0x55,0x55,0x55,0x55,0x56,0x55,0x56,0x55,0x55,0x55,0x55,0x14,0x44,0x55,0x55,0x55,0x55,0x55,0x55,0x55,0x55,0x55,0x11,0x55,0x55,0x55,0x55,
0x55,0x15,0x65,0x51,0x15,0x55,0x55,0x55,0x55,0x54,0x55,0x65,0x51,0x55,0x55,0x55,0x55,0x55,0x45,0x69,0x55,0x55,0x55,0x55,0x55,0x45,0x55,0x64,0x45,0x55,0x55,0x55,
0x59,0x55,0x12,0x69,0x55,0x55,0x55,0x55,0x55,0x55,0x55,0x65,0x51,0x55,0x55,0x55,0x54,0x55,0x45,0x55,0x55,0x55,0x55,0x55,0x55,0x54,0x44,0x95,0x54,0x55,0x55,0x55,
0x61,0x55,0x54,0x59,0x51,0x55,0x55,0x55,0x65,0x59,0x59,0x65,0x51,0x55,0x55,0x55,0x55,0x55,0x55,0x65,0x51,0x55,0x55,0x55,0x51,0x14,0x59,0x55,0x15,0x55,0x55,0x55,
0x45,0x55,0x59,0x28,0x55,0x55,0x55,0x55,0x55,0x51,0x15,0x55,0x55,0x55,0x55,0x55,0x54,0x55,0x55,0x54,0x51,0x51,0x55,0x55,0x65,0x54,0x55,0x54,0x55,0x55,0x55,0x55,
0x55,0x55,0x56,0x55,0x15,0x55,0x55,0x55,0x51,0x55,0x55,0x54,0x51,0x55,0x55,0x55,0x55,0x51,0x55,0x25,0x55,0x55,0x55,0x55,0x56,0x55,0x51,0x64,0x45,0x55,0x55,0x55,
0x55,0x55,0x51,0x28,0x44,0x55,0x55,0x55,0x14,0x55,0x55,0x29,0x55,0x55,0x55,0x55,0x55,0x55,0x48,0x64,0x40,0x55,0x55,0x55,0x54,0xa5,0x55,0x65,0x55,0x55,0x55,0x55,
0x55,0x94,0x41,0x65,0x55,0x55,0x55,0x55,0x55,0x95,0x55,0x55,0x51,0x55,0x55,0x55,0x95,0x45,0x55,0x65,0x45,0x55,0x55,0x55,0x15,0x55,0x89,0x68,0x45,0x55,0x55,0x55,
0x51,0x55,0x95,0x65,0x14,0x55,0x55,0x55,0x55,0x55,0x55,0x65,0x4,0x55,0x55,0x55,0x95,0x55,0x55,0x25,0x54,0x55,0x55,0x55,0x55,0x95,0x55,0x65,0x44,0x55,0x55,0x55,
0x45,0x55,0x51,0x61,0x55,0x51,0x55,0x55,0x5,0x15,0x55,0x65,0x15,0x55,0x55,0x55,0x55,0x41,0x55,0x61,0x55,0x55,0x55,0x55,0x55,0x54,0x45,0x55,0x55,0x55,0x55,0x55,
0x95,0x56,0x55,0x55,0x41,0x55,0x55,0x55,0x55,0x44,0x49,0x55,0x55,0x55,0x55,0x55,0x55,0x54,0x55,0x65,0x42,0x55,0x55,0x55,0x51,0x55,0x55,0x55,0x51,0x55,0x55,0x55,
0x55,0x55,0x99,0x51,0x55,0x55,0x55,0x55,0x55,0x55,0x55,0x55,0x45,0x55,0x55,0x55,0x55,0x55,0x55,0x51,0x55,0x55,0x55,0x55,0x55,0x55,0x55,0x54,0x55,0x55,0x55,0x55,
0x51,0x69,0x55,0x51,0x55,0x45,0x55,0x55,0x52,0x51,0x40,0x51,0x55,0x55,0x55,0x55,0x45,0x55,0x55,0x54,0x55,0x55,0x55,0x55,0x14,0x55,0x55,0x54,0x51,0x55,0x55,0x55,
0x14,0x55,0x55,0x50,0x55,0x55,0x55,0x55,0x55,0x55,0x55,0x50,0x55,0x55,0x55,0x55,0x55,0x59,0x95,0x54,0x55,0x55,0x55,0x55,0x95,0x40,0x95,0x11,0x51,0x55,0x55,0x55,
0x55,0x54,0x54,0x15,0x55,0x55,0x55,0x55,0x55,0x55,0x54,0x51,0x45,0x55,0x55,0x55,0x51,0x4,0x94,0x55,0x55,0x55,0x55,0x55,0x15,0x45,0x95,0x15,0x55,0x55,0x55,0x55,
0x55,0x45,0x91,0x55,0x55,0x55,0x55,0x55,0x85,0x45,0x55,0x55,0x51,0x55,0x55,0x55,0x95,0x54,0x55,0x51,0x55,0x55,0x55,0x55,0x95,0x55,0x55,0x51,0x55,0x51,0x55,0x55,
0x25,0x55,0x55,0x55,0x51,0x11,0x55,0x55,0x22,0x45,0x95,0x51,0x55,0x55,0x55,0x55,0x55,0x55,0x55,0x59,0x55,0x54,0x55,0x55,0x55,0x14,0x54,0x55,0x51,0x55,0x55,0x55,
0x55,0x15,0x95,0x55,0x55,0x55,0x55,0x55,0x15,0x56,0x55,0x19,0x45,0x55,0x55,0x55,0x65,0x51,0x55,0x59,0x55,0x55,0x55,0x55,0x56,0x55,0x45,0x19,0x55,0x55,0x55,0x55,
0x48,0x59,0x56,0x55,0x51,0x55,0x55,0x55,0x51,0x45,0x55,0x15,0x55,0x55,0x55,0x55,0x50,0x59,0x56,0x55,0x45,0x55,0x55,0x55,0x15,0x55,0x55,0x15,0x55,0x55,0x55,0x55,
0x45,0x14,0x12,0x55,0x15,0x15,0x55,0x55,0x15,0x55,0x50,0x55,0x55,0x55,0x55,0x55,0x15,0x15,0x40,0x55,0x55,0x55,0x55,0x55,0x65,0x55,0x11,0x55,0x55,0x55,0x55,0x55,
0x46,0x51,0x45,0x59,0x51,0x55,0x55,0x55,0x5a,0x55,0x15,0x55,0x45,0x54,0x55,0x55,0x55,0x56,0x55,0x55,0x55,0x55,0x55,0x55,0x15,0x55,0x55,0x55,0x55,0x55,0x55,0x55,
0x45,0x95,0x55,0x45,0x52,0x54,0x55,0x55,0x55,0x55,0x55,0x5,0x55,0x55,0x55,0x55,0x68,0x55,0x55,0x49,0x11,0x55,0x55,0x55,0x25,0x55,0x55,0x45,0x15,0x55,0x55,0x55,
0x54,0x15,0x55,0x15,0x42,0x55,0x55,0x55,0x55,0x55,0x55,0x65,0x51,0x55,0x55,0x55,0x55,0x45,0x55,0x69,0x46,0x55,0x55,0x55,0x55,0x55,0x45,0x95,0x51,0x55,0x55,0x55,
0x55,0x55,0x95,0x95,0x55,0x55,0x55,0x55,0x95,0x55,0x96,0x54,0x51,0x55,0x55,0x55,0x49,0x59,0x56,0x55,0x56,0x45,0x55,0x55,0x55,0x14,0x49,0x95,0x15,0x55,0x55,0x55,
0x51,0x55,0x55,0x55,0x11,0x55,0x55,0x55,0x51,0x55,0x55,0x55,0x55,0x55,0x55,0x55,0x55,0x55,0x45,0x49,0x45,0x55,0x55,0x55,0x51,0x40,0x94,0x85,0x55,0x55,0x55,0x55,
0x45,0x55,0x54,0x95,0x55,0x55,0x55,0x55,0x55,0x55,0x99,0x55,0x15,0x55,0x54,0x55,0x55,0x64,0x55,0x55,0x55,0x55,0x55,0x55,0x55,0x55,0x45,0x95,0x55,0x15,0x55,0x55,
0x65,0x15,0x55,0x95,0x55,0x55,0x55,0x55,0x55,0x15,0x58,0xa5,0x45,0x55,0x55,0x55,0x40,0x45,0x55,0x55,0x45,0x55,0x55,0x55,0x55,0x55,0x44,0xa0,0x15,0x55,0x55,0x55,
0x59,0x55,0x19,0x55,0x56,0x55,0x55,0x55,0x45,0x85,0x51,0x55,0x56,0x55,0x55,0x55,0x50,0x65,0x25,0x54,0x15,0x55,0x55,0x55,0x65,0x59,0x21,0x95,0x45,0x55,0x55,0x55,
0x55,0x55,0x61,0x91,0x55,0x55,0x55,0x55,0x64,0x59,0x25,0x51,0x55,0x55,0x55,0x55,0x59,0x59,0x55,0x94,0x55,0x55,0x55,0x55,0x59,0x55,0x54,0x55,0x51,0x55,0x55,0x55,
0x55,0x59,0x65,0x90,0x44,0x54,0x55,0x55,0x55,0x55,0x11,0x91,0x55,0x45,0x55,0x55,0x59,0x51,0x51,0x51,0x15,0x55,0x55,0x55,0x41,0x41,0x4,0x51,0x40,0x55,0x55,0x55,
0x65,0x51,0x58,0x91,0x55,0x55,0x55,0x55,0x5,0x54,0x15,0x55,0x55,0x55,0x55,0x55,0x12,0x41,0x46,0xa5,0x51,0x55,0x55,0x55,0x44,0x56,0x5a,0x55,0x55,0x55,0x55,0x55,
0x65,0x55,0x66,0x55,0x44,0x55,0x55,0x55,0x55,0x51,0x56,0x91,0x45,0x54,0x55,0x55,0x15,0x55,0x45,0x55,0x45,0x55,0x55,0x55,0x15,0x5a,0x12,0xa5,0x15,0x55,0x55,0x55,
0x55,0x15,0x55,0x96,0x14,0x55,0x55,0x55,0x55,0x55,0x51,0x91,0x55,0x54,0x55,0x55,0x55,0x59,0x55,0x95,0x45,0x55,0x55,0x55,0x91,0x99,0x51,0xa5,0x55,0x55,0x55,0x55,
0x55,0x55,0x55,0x96,0x45,0x55,0x55,0x55,0x49,0x55,0x6,0x91,0x55,0x55,0x55,0x55,0x45,0x59,0x55,0x52,0x51,0x55,0x55,0x55,0x14,0x55,0x65,0xa5,0x4,0x55,0x55,0x55,
0x56,0x55,0x91,0x91,0x55,0x55,0x55,0x55,0x1a,0x51,0x51,0x96,0x54,0x55,0x55,0x55,0x65,0x51,0x55,0x96,0x55,0x55,0x55,0x55,0x54,0x45,0x55,0x51,0x55,0x55,0x55,0x55,
0x56,0x45,0x55,0x91,0x55,0x55,0x55,0x55,0x55,0x55,0x46,0x55,0x44,0x55,0x55,0x55,0x59,0x55,0x44,0x95,0x51,0x55,0x55,0x55,0x15,0x55,0x45,0x96,0x54,0x54,0x55,0x55,
0x65,0x55,0x56,0x56,0x45,0x55,0x55,0x55,0x59,0x55,0x55,0x96,0x45,0x51,0x55,0x55,0x55,0x61,0x40,0x85,0x54,0x55,0x55,0x55,0x55,0x55,0x45,0x56,0x15,0x55,0x55,0x55,
0x55,0x55,0x55,0x95,0x45,0x51,0x55,0x55,0x15,0x55,0x55,0x45,0x55,0x54,0x55,0x55,0x55,0x55,0x65,0x95,0x5,0x51,0x55,0x55,0x55,0x59,0x55,0x51,0x55,0x55,0x55,0x55,
0x65,0x56,0x55,0x55,0x45,0x55,0x51,0x55,0x56,0x55,0x55,0x91,0x55,0x55,0x55,0x55,0x55,0x56,0x55,0x95,0x14,0x54,0x55,0x55,0x15,0x56,0x55,0x55,0x41,0x54,0x55,0x55,
0x5a,0x95,0x55,0x45,0x55,0x55,0x55,0x55,0x44,0x55,0x65,0x96,0x55,0x55,0x55,0x55,0x55,0x54,0x55,0x51,0x54,0x51,0x55,0x55,0x56,0x45,0x25,0x85,0x15,0x55,0x55,0x55,
0x14,0x54,0x15,0x46,0x55,0x55,0x55,0x55,0x55,0x55,0x55,0x55,0x45,0x54,0x55,0x55,0x11,0x55,0x15,0x55,0x54,0x50,0x55,0x55,0x46,0x15,0x15,0x55,0x15,0x54,0x55,0x55,
0x51,0x55,0x55,0x55,0x55,0x55,0x55,0x55,0x56,0x95,0x45,0x55,0x54,0x45,0x55,0x55,0x95,0x51,0x55,0x56,0x54,0x55,0x55,0x55,0x95,0x55,0x55,0x55,0x44,0x55,0x55,0x55,
0x59,0x95,0x55,0x55,0x54,0x55,0x55,0x55,0x55,0x54,0x5,0x55,0x55,0x15,0x55,0x55,0x15,0x55,0x55,0x55,0x55,0x55,0x55,0x55,0x55,0x55,0x55,0x45,0x44,0x51,0x55,0x55,
0x55,0x66,0x45,0x51,0x45,0x55,0x55,0x55,0x55,0x1,0x55,0x45,0x15,0x55,0x55,0x55,0x4,0x51,0x55,0x55,0x55,0x55,0x55,0x55,0x50,0x55,0x55,0x55,0x54,0x55,0x55,0x55,
0x41,0x15,0x51,0x45,0x15,0x55,0x55,0x55,0x5,0x54,0x51,0x45,0x55,0x51,0x55,0x55,0x15,0x51,0x50,0x46,0x5,0x15,0x55,0x55,0x60,0x56,0x45,0x52,0x15,0x55,0x55,0x55,
0x55,0x16,0x45,0x45,0x55,0x55,0x55,0x55,0x56,0x54,0x55,0x55,0x44,0x54,0x55,0x55,0x45,0x55,0x45,0x55,0x9,0x55,0x55,0x55,0x55,0x55,0x50,0x41,0x55,0x55,0x55,0x55,
0x55,0x55,0x54,0x55,0x54,0x55,0x55,0x55,0x55,0x54,0x51,0x56,0x55,0x55,0x55,0x55,0x55,0x52,0x50,0x55,0x45,0x55,0x55,0x55,0x45,0x55,0x11,0x55,0x5,0x55,0x55,0x55,
0x55,0x15,0x51,0x56,0x55,0x55,0x55,0x55,0x45,0x51,0x50,0x55,0x15,0x51,0x55,0x55,0x55,0x51,0x54,0x56,0x14,0x54,0x55,0x55,0x55,0x11,0x50,0x55,0x40,0x55,0x55,0x55,
0x65,0x15,0x55,0x66,0x45,0x55,0x55,0x55,0x55,0x59,0x58,0x56,0x45,0x55,0x55,0x55,0x46,0x55,0x54,0x55,0x54,0x54,0x55,0x55,0x55,0x25,0x59,0x56,0x15,0x55,0x55,0x55,
0x55,0x55,0x55,0x55,0x55,0x55,0x55,0x55,0x65,0x55,0x59,0x64,0x55,0x55,0x55,0x55,0x55,0x45,0x19,0x15,0x49,0x55,0x55,0x55,0x66,0x55,0x59,0x64,0x55,0x55,0x55,0x55,
0x55,0x15,0x5a,0x15,0x55,0x54,0x55,0x55,0x19,0x55,0x59,0x55,0x54,0x11,0x54,0x55,0x52,0x54,0x55,0x54,0x14,0x55,0x55,0x55,0x55,0x55,0x59,0x15,0x55,0x55,0x55,0x55,
0x69,0x55,0x55,0x55,0x45,0x55,0x55,0x55,0x50,0x65,0x15,0x54,0x45,0x55,0x55,0x55,0x95,0x55,0x45,0x54,0x45,0x54,0x55,0x55,0x55,0x65,0x55,0x55,0x55,0x55,0x55,0x55,
0x54,0x55,0x51,0x15,0x55,0x55,0x55,0x55,0x59,0x54,0x55,0x55,0x5,0x45,0x55,0x55,0x42,0x95,0x55,0x54,0x15,0x54,0x55,0x55,0x51,0x55,0x45,0x55,0x4,0x55,0x55,0x55,
0x54,0x56,0x51,0x65,0x45,0x55,0x55,0x55,0x55,0x44,0x55,0x55,0x5,0x55,0x55,0x55,0x55,0x58,0x51,0x55,0x54,0x55,0x55,0x55,0x45,0x55,0x55,0x55,0x54,0x54,0x55,0x55,
0x95,0x55,0x55,0x55,0x5,0x55,0x55,0x55,0x55,0x45,0x55,0x25,0x14,0x45,0x55,0x55,0x55,0x55,0x56,0x55,0x54,0x55,0x55,0x55,0x56,0x44,0x65,0x55,0x55,0x55,0x55,0x55,
0x51,0x95,0x55,0x95,0x54,0x55,0x55,0x55,0x54,0x55,0x55,0x91,0x55,0x55,0x55,0x55,0x5,0x14,0x59,0x91,0x45,0x54,0x55,0x55,0x45,0x11,0x55,0x95,0x5,0x50,0x55,0x55,
0x65,0x55,0x25,0x56,0x14,0x54,0x55,0x55,0x55,0x55,0x58,0x56,0x55,0x55,0x55,0x55,0x55,0x55,0x65,0x55,0x5a,0x55,0x55,0x55,0x81,0x62,0x55,0x55,0x56,0x55,0x55,0x55,
0x52,0x51,0x29,0x56,0x45,0x55,0x55,0x55,0x10,0x55,0x55,0x65,0x45,0x55,0x55,0x55,0x55,0x55,0x55,0x56,0x51,0x51,0x55,0x55,0x49,0x65,0x55,0x55,0x55,0x54,0x55,0x55,
0x55,0x51,0x51,0x55,0x5,0x55,0x55,0x55,0x55,0x14,0x55,0x55,0x55,0x51,0x55,0x55,0x55,0x15,0x55,0x25,0x52,0x55,0x55,0x55,0x51,0x15,0x15,0x15,0x56,0x55,0x55,0x55,
0x50,0x51,0x55,0x51,0x46,0x51,0x55,0x55,0x16,0x6,0x55,0xa6,0x45,0x54,0x55,0x55,0x55,0x55,0x55,0x56,0x16,0x55,0x55,0x55,0x55,0x55,0x64,0x56,0x15,0x51,0x55,0x55,
0x44,0x59,0x51,0x51,0x56,0x55,0x55,0x55,0x55,0x91,0x20,0x55,0x55,0x55,0x45,0x55,0x45,0x95,0x51,0x44,0x56,0x55,0x55,0x55,0x55,0x55,0x55,0x50,0x45,0x55,0x55,0x55,
0x55,0x55,0x54,0x54,0x55,0x55,0x55,0x55,0x19,0x45,0x54,0x85,0x16,0x55,0x55,0x55,0x59,0x55,0x65,0x55,0x5a,0x55,0x55,0x55,0x45,0x55,0x15,0x55,0x56,0x51,0x55,0x55,
0x55,0x95,0x11,0x55,0x45,0x55,0x55,0x55,0x15,0x96,0x55,0x54,0x56,0x51,0x55,0x55,0x55,0x59,0x55,0x55,0x56,0x55,0x55,0x55,0x15,0x55,0x95,0x44,0x56,0x55,0x55,0x55,
0x55,0x95,0x55,0x54,0x55,0x54,0x55,0x55,0x56,0x95,0x55,0x45,0x56,0x55,0x55,0x55,0x89,0x65,0x85,0x54,0x56,0x55,0x55,0x55,0x55,0x56,0x55,0x51,0x51,0x55,0x55,0x55,
0x55,0x45,0x55,0x55,0x55,0x55,0x55,0x55,0x55,0x55,0xa5,0x54,0x56,0x55,0x55,0x55,0x55,0x15,0x55,0x54,0x55,0x54,0x55,0x55,0x55,0x55,0x55,0x55,0x52,0x14,0x55,0x55,
0x55,0x54,0xa1,0x45,0x56,0x54,0x55,0x55,0x59,0x45,0x65,0x55,0x15,0x44,0x55,0x55,0x55,0x55,0x55,0x55,0x16,0x54,0x55,0x55,0x65,0x66,0x55,0x54,0x11,0x55,0x55,0x55,
0x49,0x51,0x55,0x45,0x56,0x55,0x55,0x55,0x55,0x16,0x1,0x55,0x45,0x51,0x55,0x55,0x52,0x5,0x55,0x45,0x56,0x55,0x55,0x55,0x15,0x54,0x65,0x45,0x56,0x55,0x55,0x55,
0x55,0x55,0x65,0x45,0x55,0x54,0x55,0x55,0x51,0x54,0x55,0x45,0x41,0x55,0x55,0x55,0x58,0x55,0x25,0x45,0x55,0x55,0x55,0x55,0x16,0x55,0x65,0x54,0x56,0x54,0x55,0x55,
0x55,0x55,0x55,0x54,0x55,0x55,0x55,0x55,0x61,0x55,0x55,0x54,0x55,0x45,0x55,0x55,0x18,0x45,0x55,0x54,0x56,0x55,0x55,0x55,0x51,0x55,0x95,0x55,0x16,0x55,0x55,0x55,
0x51,0x45,0x55,0x55,0x15,0x55,0x55,0x55,0x55,0x55,0x15,0x45,0x6,0x51,0x55,0x55,0x14,0x55,0x95,0x45,0x52,0x51,0x55,0x55,0x54,0x56,0x55,0x54,0x56,0x55,0x55,0x55,
0x55,0x56,0x85,0x44,0x56,0x55,0x55,0x55,0x55,0x95,0x55,0x45,0x52,0x55,0x55,0x55,0x55,0x15,0x54,0x55,0x56,0x51,0x55,0x55,0x81,0x56,0x55,0x95,0x55,0x55,0x55,0x55,
0x55,0x11,0x55,0x55,0x51,0x55,0x55,0x55,0x55,0x54,0x55,0x59,0x55,0x55,0x55,0x55,0x55,0x25,0x15,0x95,0x5,0x55,0x55,0x55,0x59,0x65,0x55,0x55,0x55,0x51,0x55,0x55,
0x59,0x55,0x55,0x55,0x16,0x55,0x55,0x55,0x51,0x41,0x55,0x55,0x55,0x51,0x55,0x55,0x51,0x95,0x94,0x55,0x55,0x55,0x55,0x55,0x59,0x85,0x95,0x49,0x16,0x54,0x55,0x55,
0x19,0x55,0x88,0x55,0x51,0x55,0x55,0x55,0x54,0x6,0x55,0x85,0x56,0x55,0x55,0x55,0x15,0x55,0x99,0x59,0x11,0x55,0x55,0x55,0x55,0x55,0x51,0x45,0x62,0x55,0x55,0x55,
0x55,0x19,0x51,0x55,0x15,0x54,0x55,0x55,0x69,0x91,0x55,0x19,0x52,0x54,0x55,0x55,0x65,0x56,0x55,0x15,0x12,0x54,0x55,0x55,0x54,0x95,0x15,0x59,0x51,0x55,0x55,0x55,
0x55,0x55,0x55,0x59,0x55,0x55,0x55,0x55,0x59,0x55,0x55,0x59,0x45,0x55,0x55,0x55,0x55,0x55,0x15,0x19,0x56,0x41,0x55,0x55,0x55,0x45,0x55,0x55,0x56,0x45,0x55,0x55,
0x55,0x50,0x15,0x15,0x46,0x51,0x55,0x55,0x15,0x55,0x15,0x59,0x56,0x54,0x55,0x55,0x66,0x55,0x55,0x55,0x52,0x55,0x55,0x55,0x45,0x56,0x55,0x5,0x55,0x55,0x55,0x55,
0x55,0x55,0x55,0x55,0x55,0x54,0x55,0x55,0x55,0x55,0x55,0x5,0x55,0x55,0x55,0x55,0x16,0x55,0x95,0x5,0x56,0x55,0x55,0x55,0xa5,0x4,0x81,0x45,0x56,0x44,0x55,0x55,
0x64,0x65,0x55,0x45,0x51,0x55,0x55,0x55,0x85,0x55,0x54,0x55,0x56,0x54,0x55,0x55,0x54,0x54,0x55,0x55,0x56,0x51,0x55,0x55,0x45,0x55,0x55,0x15,0x55,0x50,0x55,0x55,
0x15,0x51,0x56,0x15,0x51,0x45,0x55,0x55,0x44,0x54,0x55,0x59,0x15,0x55,0x55,0x55,0x59,0x55,0x95,0x55,0x56,0x55,0x55,0x55,0x55,0x59,0x55,0x45,0x51,0x55,0x55,0x55,
0x86,0x55,0x96,0x44,0x52,0x54,0x55,0x55,0x55,0x65,0x55,0x54,0x11,0x45,0x55,0x55,0x50,0x15,0x55,0x5,0x56,0x55,0x55,0x55,0x81,0x65,0x55,0x15,0x56,0x54,0x55,0x55,
0x49,0x55,0x95,0x55,0x56,0x55,0x55,0x55,0x51,0x45,0x95,0x15,0x55,0x55,0x55,0x55,0x55,0x55,0x59,0x55,0x55,0x41,0x55,0x55,0x55,0x85,0x55,0x55,0x12,0x54,0x55,0x55,
0x55,0x54,0x55,0x55,0x55,0x5,0x55,0x55,0x6,0x55,0x55,0x55,0x65,0x55,0x55,0x55,0x91,0x15,0x14,0x55,0x55,0x55,0x55,0x55,0x65,0x55,0x54,0x4,0x55,0x51,0x55,0x55,
0x95,0x15,0x51,0x45,0x55,0x54,0x55,0x55,0x51,0x54,0x55,0x15,0x55,0x55,0x55,0x55,0x54,0x55,0x51,0x55,0x55,0x51,0x55,0x55,0x55,0x55,0x15,0x15,0x15,0x55,0x55,0x55,
0x45,0x59,0x55,0x54,0x45,0x55,0x55,0x55,0x55,0x55,0x55,0x55,0x55,0x55,0x55,0x55,0x59,0x55,0x15,0x59,0x15,0x55,0x55,0x55,0x54,0x55,0x55,0x49,0x11,0x50,0x55,0x55,
0x50,0x55,0x55,0x19,0x55,0x55,0x55,0x55,0x55,0x55,0x55,0x59,0x55,0x55,0x55,0x55,0x55,0x95,0x14,0x15,0x55,0x55,0x54,0x55,0x45,0x55,0x44,0x55,0x51,0x55,0x55,0x55,
0x51,0x15,0x55,0x55,0x55,0x55,0x55,0x55,0x55,0x51,0x54,0x55,0x15,0x55,0x55,0x55,0x69,0x44,0x55,0x15,0x15,0x54,0x51,0x55,0x45,0x65,0x55,0x55,0x51,0x55,0x55,0x55,
0x54,0x54,0x51,0x59,0x55,0x55,0x55,0x55,0x15,0x55,0x56,0x55,0x55,0x55,0x55,0x55,0x55,0x45,0x55,0x55,0x55,0x55,0x55,0x55,0x55,0x56,0x51,0x55,0x55,0x51,0x55,0x55,
0x5,0x42,0x54,0x59,0x55,0x15,0x55,0x55,0x55,0x45,0x45,0x15,0x55,0x10,0x55,0x55,0x56,0x15,0x11,0x19,0x55,0x55,0x55,0x55,0x55,0x55,0x1,0x15,0x51,0x45,0x55,0x55,
0x55,0x51,0x54,0x55,0x51,0x51,0x55,0x55,0x15,0x54,0x55,0x15,0x55,0x55,0x55,0x55,0x55,0x49,0x51,0x19,0x54,0x54,0x55,0x55,0x65,0x55,0x55,0x59,0x55,0x55,0x55,0x55,
0x45,0x55,0x51,0x55,0x55,0x51,0x55,0x55,0x55,0x59,0x51,0x55,0x51,0x55,0x55,0x55,0x55,0x55,0x55,0x55,0x15,0x54,0x55,0x55,0x55,0x55,0x55,0x55,0x55,0x51,0x55,0x55,
0x95,0x55,0x41,0x59,0x55,0x55,0x55,0x55,0x55,0x55,0x55,0x55,0x51,0x54,0x55,0x55,0x55,0x46,0x51,0x59,0x55,0x55,0x55,0x55,0x15,0x55,0x45,0x95,0x55,0x45,0x55,0x55,
0x15,0x44,0x51,0x55,0x55,0x55,0x55,0x55,0x55,0x55,0x55,0x59,0x51,0x55,0x55,0x55,0x15,0x44,0x55,0x95,0x55,0x54,0x55,0x55,0x55,0x54,0x41,0x95,0x10,0x55,0x55,0x55,
0x55,0x55,0x55,0x59,0x55,0x54,0x55,0x55,0x55,0x25,0x51,0x54,0x15,0x51,0x55,0x55,0x59,0x55,0x55,0x55,0x55,0x50,0x55,0x55,0x8,0x41,0x55,0x59,0x50,0x55,0x55,0x55,
0x54,0x55,0x55,0x59,0x51,0x55,0x55,0x55,0x55,0x54,0x55,0x54,0x55,0x54,0x55,0x55,0x55,0x56,0x55,0x55,0x55,0x55,0x55,0x55,0x54,0x55,0x54,0x55,0x51,0x55,0x55,0x55,
0x54,0x55,0x65,0x55,0x41,0x54,0x55,0x55,0x55,0x19,0x65,0x55,0x15,0x54,0x55,0x55,0x59,0x65,0x55,0x55,0x50,0x51,0x54,0x55,0x1,0x55,0x64,0x95,0x55,0x55,0x55,0x55,
0x51,0x94,0x59,0x54,0x61,0x51,0x15,0x55,0x51,0x45,0x55,0x55,0x55,0x55,0x55,0x55,0x55,0x51,0x59,0x94,0x15,0x55,0x54,0x55,0x45,0x91,0x69,0x54,0x55,0x55,0x55,0x55,
0x55,0x54,0x59,0x54,0x55,0x51,0x55,0x55,0x98,0x55,0x54,0x54,0x15,0x55,0x55,0x55,0x94,0x56,0x54,0x95,0x15,0x55,0x55,0x55,0x15,0x55,0x5a,0x55,0x55,0x51,0x55,0x55,
0x55,0x51,0x55,0x51,0x55,0x55,0x55,0x55,0x41,0x81,0x66,0x55,0x51,0x55,0x55,0x55,0x55,0x45,0x46,0x55,0x15,0x55,0x55,0x55,0x55,0x55,0x14,0x55,0x55,0x55,0x55,0x55,
0x51,0x21,0x55,0x55,0x15,0x55,0x55,0x55,0x55,0x55,0x15,0x55,0x45,0x55,0x55,0x55,0x59,0x55,0x55,0x51,0x15,0x55,0x55,0x55,0x45,0x55,0x55,0x51,0x55,0x45,0x55,0x55,
0x55,0x55,0x55,0x55,0x54,0x55,0x55,0x55,0x54,0x55,0x55,0x59,0x15,0x54,0x55,0x55,0x69,0x51,0x55,0x95,0x55,0x45,0x55,0x55,0x62,0x51,0x15,0x59,0x15,0x45,0x55,0x55,
0x15,0x5,0x55,0x59,0x55,0x55,0x55,0x55,0x54,0x54,0x59,0x55,0x55,0x55,0x55,0x55,0x44,0x65,0x59,0x94,0x54,0x50,0x55,0x55,0x56,0x51,0x59,0x55,0x51,0x54,0x55,0x55,
0x95,0x55,0x55,0x55,0x55,0x54,0x55,0x55,0x15,0x56,0x55,0x55,0x50,0x55,0x55,0x55,0x55,0x56,0x55,0x55,0x55,0x55,0x55,0x55,0x58,0x55,0x8a,0x51,0x51,0x55,0x55,0x55,
0x95,0x44,0x59,0x55,0x16,0x54,0x54,0x55,0x46,0x55,0x55,0x95,0x52,0x55,0x55,0x55,0x55,0x55,0x51,0x51,0x15,0x51,0x55,0x55,0x55,0x95,0x55,0x95,0x56,0x51,0x55,0x55,
0x55,0x55,0x65,0x52,0x15,0x55,0x55,0x55,0x16,0x45,0x94,0x55,0x61,0x55,0x55,0x55,0x55,0x15,0x55,0x95,0x55,0x55,0x55,0x55,0x59,0x51,0x61,0x55,0x59,0x50,0x55,0x55,
0x11,0x54,0x55,0x99,0x55,0x51,0x55,0x55,0x95,0x51,0x95,0x55,0x55,0x55,0x55,0x55,0x55,0x45,0x95,0x45,0x65,0x55,0x55,0x55,0x14,0x6,0x65,0x56,0x14,0x55,0x55,0x55,
0x55,0x55,0x51,0x49,0x55,0x54,0x55,0x55,0x26,0x51,0x55,0x59,0x55,0x55,0x55,0x55,0x52,0x51,0x55,0x55,0x19,0x55,0x55,0x55,0x55,0x85,0x55,0x55,0x55,0x54,0x55,0x55,
0x95,0x85,0x55,0x44,0x55,0x51,0x55,0x55,0x59,0x55,0x55,0x95,0x59,0x54,0x55,0x55,0x55,0x5,0x45,0x55,0x55,0x55,0x55,0x55,0x55,0x55,0x54,0x45,0x59,0x55,0x55,0x55,
0x55,0x55,0x54,0x59,0x58,0x54,0x55,0x55,0x59,0x54,0x55,0x54,0x58,0x54,0x55,0x55,0x55,0x2a,0x55,0x55,0x54,0x55,0x55,0x55,0x55,0x58,0x55,0x55,0x54,0x54,0x55,0x55,
0x50,0x45,0x54,0x55,0x59,0x54,0x55,0x55,0x45,0x54,0x55,0x59,0x55,0x55,0x55,0x55,0x55,0x55,0x45,0x54,0x19,0x15,0x41,0x55,0x55,0x51,0x55,0x59,0x59,0x54,0x55,0x55,
0x55,0x65,0x55,0x44,0x16,0x51,0x55,0x55,0x46,0x24,0x46,0x59,0x9,0x54,0x55,0x55,0x55,0x55,0x56,0x54,0x19,0x55,0x55,0x55,0x55,0x55,0x55,0x51,0x59,0x51,0x55,0x55,
0x55,0x45,0x85,0x54,0x55,0x55,0x55,0x55,0x55,0x55,0x56,0x55,0x49,0x55,0x55,0x55,0x54,0x55,0x45,0x55,0x59,0x55,0x55,0x55,0x55,0x41,0x85,0x51,0x56,0x55,0x55,0x55,
0x55,0x56,0x54,0x1,0x56,0x55,0x55,0x55,0x55,0x55,0x85,0x55,0x5a,0x55,0x55,0x55,0x55,0x15,0x45,0x14,0x59,0x55,0x55,0x55,0x55,0x55,0x55,0x5,0x59,0x55,0x55,0x55,
0x45,0x51,0x55,0x54,0x15,0x54,0x55,0x55,0x55,0x55,0x54,0x55,0x55,0x55,0x55,0x55,0x55,0x41,0x95,0x11,0x55,0x15,0x54,0x55,0x15,0x51,0x56,0x45,0x59,0x55,0x55,0x55,
0x51,0x51,0x55,0x55,0x15,0x45,0x55,0x55,0x55,0x55,0x15,0x55,0x69,0x55,0x55,0x55,0x55,0x55,0x55,0x5,0x56,0x55,0x55,0x55,0x51,0x95,0x15,0x11,0x55,0x54,0x55,0x55,
0x16,0x54,0x55,0x45,0x59,0x55,0x55,0x55,0x49,0x99,0x15,0x55,0x55,0x51,0x55,0x55,0x45,0x95,0x15,0x15,0x59,0x51,0x55,0x55,0x55,0x55,0x56,0x55,0x55,0x55,0x55,0x55,
0x55,0x15,0x52,0x55,0x55,0x55,0x45,0x55,0x15,0x54,0x56,0x55,0x5a,0x54,0x55,0x55,0x59,0x11,0x55,0x55,0x15,0x45,0x55,0x55,0x15,0x54,0x51,0x55,0x55,0x55,0x55,0x55,
0x54,0x54,0x45,0x46,0x55,0x44,0x55,0x55,0x55,0x55,0x55,0x41,0x56,0x51,0x55,0x55,0x69,0x55,0x54,0x55,0x49,0x55,0x55,0x55,0x65,0x55,0x55,0x41,0x59,0x55,0x55,0x55,
0x55,0x54,0x55,0x55,0x59,0x45,0x55,0x55,0x55,0x55,0x85,0x56,0x59,0x51,0x55,0x55,0x51,0x55,0x5,0x45,0x59,0x55,0x55,0x55,0x55,0x55,0x45,0x15,0x56,0x45,0x55,0x55,
0x55,0x56,0x55,0x12,0x55,0x55,0x55,0x55,0xa5,0x15,0x45,0x44,0x45,0x55,0x55,0x55,0x55,0x56,0x48,0x55,0x45,0x54,0x55,0x55,0x5,0x54,0x55,0x14,0x55,0x55,0x55,0x55,
0x15,0x54,0x95,0x55,0x15,0x54,0x54,0x55,0x45,0x55,0x94,0x55,0x55,0x11,0x55,0x55,0x55,0x59,0x55,0x11,0x59,0x55,0x55,0x55,0x58,0x45,0x55,0x51,0x59,0x41,0x55,0x55,
0x41,0x55,0x95,0x14,0x59,0x55,0x55,0x55,0x11,0x55,0x95,0x54,0x59,0x55,0x55,0x55,0x55,0x59,0x95,0x54,0x55,0x55,0x55,0x55,0x54,0x55,0x95,0x55,0x15,0x55,0x54,0x55,
0x46,0x51,0x65,0x15,0x15,0x55,0x55,0x55,0x52,0x51,0x54,0x55,0x5,0x51,0x55,0x55,0x65,0x55,0x15,0x51,0x55,0x51,0x55,0x55,0x65,0x54,0x55,0x15,0x15,0x54,0x55,0x55,
0x56,0x55,0x54,0x21,0x55,0x55,0x55,0x55,0x54,0x55,0x55,0x54,0x9,0x55,0x51,0x55,0x55,0x56,0x55,0x14,0x59,0x55,0x55,0x55,0x15,0x65,0x54,0x15,0x59,0x55,0x55,0x55,
0x98,0x51,0x55,0x15,0x59,0x54,0x55,0x55,0x55,0x51,0x14,0x55,0x55,0x55,0x55,0x55,0x51,0x55,0x45,0x15,0x59,0x55,0x55,0x55,0x52,0x45,0x15,0x54,0x59,0x51,0x55,0x55,
0x54,0x55,0x55,0x15,0x56,0x54,0x54,0x55,0x54,0x55,0x55,0x24,0x59,0x55,0x55,0x55,0x55,0x55,0x55,0x16,0x59,0x55,0x55,0x55,0x55,0x95,0x54,0x55,0x55,0x50,0x55,0x55,
0x56,0x95,0x54,0x56,0x59,0x15,0x55,0x55,0x15,0x85,0x58,0x55,0x45,0x55,0x55,0x55,0x45,0x55,0x65,0x15,0x46,0x55,0x55,0x55,0x55,0x55,0x55,0x25,0x55,0x55,0x51,0x55,
0x55,0x55,0x55,0x51,0x59,0x55,0x55,0x55,0x85,0x91,0x55,0x65,0x59,0x45,0x55,0x55,0x50,0x55,0x55,0x15,0x59,0x55,0x55,0x55,0x55,0x95,0x65,0x55,0x19,0x51,0x55,0x55,
0x55,0x55,0x15,0x65,0x5a,0x45,0x55,0x55,0x52,0x15,0x65,0x65,0x55,0x45,0x55,0x55,0x55,0x55,0x52,0x65,0x5a,0x55,0x55,0x55,0x55,0x15,0x52,0x65,0x5a,0x55,0x55,0x55,
0x15,0x19,0x51,0x25,0x56,0x55,0x55,0x55,0x95,0x14,0x61,0x55,0x55,0x55,0x50,0x55,0x55,0x55,0x65,0x56,0x59,0x55,0x55,0x55,0x58,0x56,0x65,0x65,0x55,0x4,0x55,0x55,
0x56,0x95,0x51,0x56,0x55,0x40,0x55,0x55,0x11,0x55,0x65,0x14,0x59,0x55,0x55,0x55,0x44,0x56,0x44,0x54,0x55,0x55,0x55,0x55,0x55,0x65,0x55,0x55,0x55,0x5,0x55,0x55,
0x45,0x65,0x45,0x15,0x49,0x55,0x55,0x55,0x69,0x45,0x55,0x15,0x54,0x55,0x55,0x55,0x55,0x55,0x55,0x55,0x59,0x10,0x55,0x55,0x55,0x65,0x65,0x65,0x54,0x55,0x55,0x55,
0x11,0x55,0x45,0x55,0x45,0x55,0x55,0x55,0x51,0x55,0x56,0x65,0x59,0x15,0x55,0x55,0x51,0x55,0xa5,0x55,0x54,0x55,0x55,0x55,0x54,0x55,0x65,0x55,0x45,0x55,0x55,0x55,
0x55,0x55,0x55,0x55,0x55,0x51,0x55,0x55,0x46,0x55,0x55,0x55,0x58,0x15,0x55,0x55,0x54,0x51,0x55,0x65,0x55,0x55,0x55,0x55,0x55,0x45,0x55,0x65,0x54,0x51,0x45,0x55,
0x15,0x55,0x45,0x65,0x59,0x45,0x55,0x55,0x15,0x55,0x55,0x55,0x48,0x51,0x55,0x55,0x55,0x12,0x55,0x55,0x55,0x55,0x55,0x55,0x54,0x58,0x55,0x55,0x59,0x15,0x55,0x55,
0x55,0x59,0x55,0x55,0x49,0x55,0x55,0x55,0x51,0x18,0x15,0x55,0x54,0x55,0x55,0x55,0x56,0x59,0x55,0x64,0x48,0x55,0x55,0x55,0x59,0x54,0x55,0x54,0x59,0x55,0x55,0x55,
0x55,0x45,0x55,0x66,0x18,0x55,0x55,0x55,0x55,0x19,0x15,0x15,0x59,0x55,0x55,0x55,0x55,0x59,0x14,0x55,0x58,0x54,0x55,0x55,0x55,0x95,0x45,0x51,0x58,0x55,0x54,0x55,
0x59,0x91,0x55,0x55,0x55,0x15,0x55,0x55,0x15,0x11,0x15,0x55,0x55,0x55,0x45,0x55,0x15,0x45,0x55,0x55,0x54,0x54,0x55,0x55,0x21,0x95,0x58,0x51,0x59,0x51,0x55,0x55,
0x50,0x45,0x55,0x15,0x44,0x54,0x55,0x55,0x55,0x54,0x55,0x66,0x55,0x55,0x55,0x55,0x11,0x45,0x9,0x55,0x59,0x55,0x55,0x55,0x91,0x55,0x55,0x55,0x55,0x55,0x54,0x55,
0x59,0x25,0x59,0x65,0x55,0x55,0x55,0x55,0x65,0x69,0x54,0x51,0x9,0x54,0x15,0x55,0x55,0x56,0x58,0x56,0x59,0x54,0x55,0x55,0x55,0x95,0x55,0x55,0x58,0x51,0x55,0x55,
0x51,0x45,0x55,0x16,0x54,0x55,0x55,0x55,0x52,0x55,0x55,0x55,0x59,0x11,0x55,0x55,0x54,0x54,0x55,0x55,0x58,0x55,0x55,0x55,0x51,0x55,0x54,0x56,0x59,0x55,0x55,0x55,
0x95,0x5,0x54,0x55,0x58,0x55,0x55,0x55,0x45,0x55,0x15,0x55,0x55,0x55,0x55,0x55,0x55,0x55,0x65,0x51,0x55,0x55,0x55,0x55,0x16,0x55,0x56,0x56,0x55,0x55,0x55,0x55,
0x55,0x59,0x55,0x55,0x55,0x55,0x55,0x55,0x54,0x55,0x55,0x55,0x55,0x55,0x55,0x55,0x15,0x55,0x55,0x51,0x55,0x55,0x55,0x55,0x65,0x54,0x55,0x54,0x55,0x55,0x55,0x55,
0x55,0x55,0x44,0x15,0x54,0x54,0x55,0x55,0x91,0x55,0x54,0x65,0x54,0x55,0x55,0x55,0x95,0x55,0x51,0x54,0x55,0x55,0x55,0x55,0x61,0x54,0x59,0x55,0x54,0x15,0x55,0x55,
0x56,0x10,0x49,0x55,0x45,0x55,0x55,0x55,0x55,0x55,0x45,0x14,0x55,0x54,0x55,0x55,0x55,0x45,0x55,0x15,0x54,0x40,0x55,0x55,0x55,0x54,0x45,0x15,0x54,0x54,0x55,0x55,
0x15,0x55,0x59,0x55,0x55,0x51,0x55,0x55,0x41,0x55,0x55,0x54,0x15,0x45,0x55,0x55,0x55,0xa5,0x59,0x54,0x54,0x55,0x55,0x55,0x55,0x51,0x59,0x54,0x45,0x51,0x54,0x55,
0x58,0x55,0x55,0x55,0x45,0x54,0x55,0x55,0x95,0x55,0x54,0x15,0x55,0x45,0x55,0x55,0x55,0x51,0x55,0x24,0x55,0x51,0x55,0x55,0x55,0x61,0x56,0x54,0x54,0x55,0x54,0x55,
0x55,0x55,0x12,0x55,0x44,0x41,0x55,0x55,0x54,0x55,0x51,0x55,0x54,0x55,0x55,0x55,0x54,0x95,0x55,0x55,0x45,0x55,0x55,0x55,0x55,0x56,0x55,0x55,0x55,0x55,0x55,0x55,
0x55,0x15,0x15,0x55,0x55,0x55,0x55,0x55,0x55,0x55,0x54,0x55,0x55,0x45,0x55,0x55,0x55,0x96,0x55,0x65,0x5,0x45,0x55,0x55,0x51,0x84,0x15,0x65,0x55,0x55,0x55,0x55,
0x56,0x15,0x55,0x65,0x54,0x55,0x55,0x55,0x19,0x55,0x55,0x55,0x55,0x45,0x55,0x55,0x55,0x55,0x15,0x55,0x54,0x55,0x54,0x55,0x51,0x55,0x54,0x55,0x55,0x55,0x54,0x55,
0x55,0x50,0x14,0x54,0x54,0x55,0x55,0x55,0x96,0x45,0x55,0x55,0x45,0x51,0x55,0x55,0x55,0x55,0x55,0x65,0x55,0x55,0x55,0x55,0x85,0x55,0x15,0x65,0x44,0x50,0x55,0x55,
0x55,0x59,0x55,0x65,0x55,0x55,0x54,0x55,0x15,0x45,0x45,0x55,0x15,0x45,0x55,0x55,0x9,0x65,0x45,0x55,0x54,0x54,0x55,0x55,0x55,0x95,0x51,0x65,0x55,0x11,0x55,0x55,
0x56,0x65,0x50,0x55,0x15,0x55,0x55,0x55,0x55,0x55,0x55,0x55,0x55,0x45,0x55,0x55,0x55,0x45,0x55,0x55,0x44,0x54,0x55,0x55,0x12,0x21,0x55,0x55,0x54,0x55,0x55,0x55,
0x59,0x44,0x51,0x65,0x55,0x55,0x55,0x55,0x99,0x14,0x55,0x65,0x44,0x55,0x55,0x55,0x56,0x15,0x15,0x55,0x55,0x55,0x55,0x55,0x95,0x45,0x45,0x55,0x54,0x55,0x55,0x55,
0x59,0x64,0x55,0x55,0x44,0x55,0x55,0x55,0x65,0x65,0x55,0x54,0x55,0x54,0x55,0x55,0x55,0x45,0x45,0x55,0x55,0x51,0x55,0x55,0x55,0x55,0x55,0x25,0x54,0x55,0x55,0x55,
0x55,0x55,0x55,0x65,0x55,0x55,0x55,0x55,0x55,0x55,0x54,0x15,0x44,0x44,0x55,0x55,0x15,0x52,0x15,0x55,0x54,0x54,0x55,0x55,0x55,0x55,0x55,0x25,0x54,0x55,0x55,0x55,
0x56,0x5,0x51,0x55,0x55,0x55,0x45,0x55,0x50,0x55,0x5,0x65,0x55,0x51,0x54,0x55,0x55,0x45,0x55,0x15,0x46,0x44,0x55,0x55,0x54,0x55,0x5,0x55,0x46,0x11,0x55,0x55,
0x51,0x55,0x55,0x55,0x85,0x55,0x55,0x55,0x65,0x51,0x11,0x55,0x45,0x15,0x55,0x55,0x26,0x5,0x15,0x55,0x46,0x54,0x55,0x55,0x44,0x45,0x41,0x61,0x45,0x55,0x55,0x55,
0x55,0x54,0x15,0x55,0x55,0x54,0x45,0x55,0x95,0x95,0x14,0x55,0x56,0x55,0x55,0x55,0x45,0x56,0x44,0x55,0x45,0x55,0x55,0x55,0x44,0x54,0x45,0x55,0x55,0x10,0x55,0x55,
0x55,0x95,0x55,0x55,0x51,0x55,0x54,0x55,0x55,0x55,0x54,0x65,0x55,0x45,0x55,0x55,0x61,0x14,0x55,0x15,0x56,0x55,0x51,0x55,0x55,0x95,0x55,0x65,0x56,0x45,0x55,0x55,
0x56,0x55,0x55,0x65,0x55,0x55,0x55,0x55,0x55,0x15,0x55,0x55,0x55,0x55,0x55,0x55,0x55,0x55,0x55,0x55,0x55,0x51,0x55,0x55,0x5a,0x68,0x55,0x51,0x45,0x15,0x55,0x55,
0x55,0x15,0x55,0x55,0x55,0x1,0x55,0x54,0x15,0x55,0x95,0x55,0x51,0x55,0x55,0x55,0x55,0x94,0x55,0x55,0x45,0x55,0x54,0x55,0x40,0x55,0x94,0x45,0x45,0x55,0x55,0x55,
0x56,0x55,0xa5,0x55,0x55,0x50,0x55,0x55,0x55,0x55,0x55,0x55,0x45,0x51,0x55,0x55,0x55,0x55,0xa5,0x51,0x55,0x55,0x55,0x55,0x94,0x54,0x55,0x55,0x55,0x54,0x55,0x55,
0x55,0x55,0x55,0x55,0x5,0x55,0x55,0x55,0x55,0x15,0x95,0x55,0x55,0x51,0x55,0x55,0x55,0x15,0x96,0x55,0x55,0x55,0x55,0x55,0x14,0x55,0xa5,0x55,0x55,0x54,0x55,0x55,
0x55,0x55,0x55,0x55,0x55,0x55,0x55,0x55,0x55,0x55,0x55,0x54,0x55,0x55,0x55,0x55,0x11,0x55,0x51,0x51,0x56,0x55,0x55,0x55,0x55,0x15,0x51,0x41,0x15,0x55,0x55,0x55,
0x55,0x59,0x56,0x51,0x52,0x15,0x55,0x55,0x55,0x59,0x69,0x55,0x55,0x55,0x55,0x55,0x84,0x55,0x66,0x50,0x55,0x51,0x55,0x55,0x55,0x54,0x6,0x54,0x95,0x54,0x55,0x55,
0x55,0x45,0x95,0x45,0x55,0x55,0x55,0x55,0x55,0x59,0x55,0x41,0x55,0x55,0x55,0x55,0x14,0x55,0x51,0x51,0x55,0x41,0x55,0x55,0x56,0x65,0x55,0x50,0x45,0x51,0x55,0x55,
0x55,0x45,0x55,0x55,0x56,0x55,0x55,0x55,0x55,0x55,0x54,0x51,0x2,0x45,0x55,0x55,0x54,0x55,0x59,0x54,0x51,0x45,0x55,0x55,0x55,0x55,0x59,0x55,0x46,0x51,0x55,0x55,
0x55,0x66,0x94,0x45,0x55,0x55,0x55,0x55,0x51,0x54,0x95,0x45,0x95,0x55,0x55,0x55,0x15,0x55,0x55,0x55,0x51,0x55,0x55,0x55,0x55,0x66,0x55,0x45,0x55,0x45,0x55,0x55,
0x55,0x95,0x55,0x55,0x41,0x55,0x55,0x55,0x55,0x55,0x59,0x55,0x42,0x55,0x55,0x55,0x55,0x54,0x55,0x55,0x55,0x55,0x55,0x55,0x55,0x95,0x45,0x65,0x55,0x45,0x55,0x55,
0x55,0x51,0x55,0x55,0x51,0x55,0x55,0x55,0x55,0x55,0x64,0x51,0x55,0x45,0x55,0x55,0x41,0x55,0x55,0x55,0x55,0x55,0x55,0x55,0x55,0x55,0x65,0x60,0x5,0x55,0x55,0x55,
0x54,0x46,0x54,0x55,0x56,0x55,0x55,0x55,0x59,0x55,0x59,0x55,0x45,0x51,0x55,0x55,0x55,0x55,0x55,0x55,0x52,0x54,0x55,0x55,0x45,0x59,0x59,0x65,0x56,0x45,0x55,0x55,
0x55,0x55,0x15,0x55,0x46,0x55,0x55,0x55,0x52,0x56,0x55,0x16,0x45,0x54,0x55,0x55,0x55,0x45,0x55,0x65,0x42,0x54,0x55,0x55,0x55,0x55,0x65,0x55,0x45,0x55,0x54,0x55,
0x41,0x56,0x55,0x45,0x49,0x54,0x55,0x55,0x55,0x55,0x16,0x55,0x59,0x45,0x55,0x55,0x55,0x55,0x65,0x45,0x55,0x55,0x55,0x55,0x15,0x55,0x45,0x45,0x59,0x55,0x55,0x55,
0x55,0x55,0x56,0x45,0x55,0x51,0x55,0x55,0x45,0x5,0x55,0x55,0x45,0x54,0x55,0x55,0x41,0x65,0x50,0x52,0x4a,0x51,0x55,0x55,0x55,0x65,0x94,0x55,0x45,0x54,0x55,0x55,
0x45,0x55,0x54,0x65,0x5a,0x51,0x55,0x55,0x55,0x55,0x95,0x55,0x46,0x55,0x55,0x55,0x55,0x55,0x55,0x15,0x26,0x15,0x55,0x55,0x15,0x55,0x51,0x66,0x56,0x54,0x55,0x55,
0x55,0x55,0x56,0x65,0x55,0x51,0x55,0x55,0x15,0x45,0x55,0x65,0x56,0x51,0x55,0x55,0x16,0x45,0x95,0x56,0x55,0x55,0x55,0x55,0x45,0x59,0x56,0x55,0x55,0x55,0x55,0x55,
0x55,0x59,0x55,0x65,0x55,0x55,0x55,0x55,0x55,0x11,0x94,0x65,0x65,0x55,0x55,0x55,0x55,0x55,0x55,0x55,0x66,0x51,0x55,0x55,0x55,0x55,0x55,0x66,0x65,0x51,0x55,0x55,
0x45,0x41,0x55,0x59,0x55,0x51,0x55,0x55,0x45,0x55,0x46,0x55,0x55,0x15,0x55,0x55,0x55,0x6,0x51,0x55,0x55,0x54,0x55,0x55,0x51,0x56,0x15,0x55,0x96,0x55,0x55,0x55,
0x55,0x15,0x6,0x61,0x55,0x51,0x55,0x55,0x55,0x55,0x56,0x55,0x65,0x55,0x55,0x55,0x95,0x15,0x55,0x55,0x55,0x55,0x55,0x55,0x55,0x55,0x55,0x55,0x56,0x44,0x55,0x55,
0x55,0x55,0x55,0x55,0x55,0x51,0x55,0x55,0x55,0x41,0x55,0x55,0x15,0x40,0x55,0x55,0x65,0x91,0x15,0x55,0x61,0x55,0x55,0x55,0x55,0x99,0x55,0x11,0x96,0x55,0x55,0x55,
0x64,0x65,0x55,0x55,0x55,0x45,0x55,0x55,0x15,0x55,0x55,0x65,0x11,0x55,0x54,0x55,0x15,0x59,0x55,0x61,0x65,0x55,0x55,0x55,0x55,0x65,0x55,0x51,0x51,0x55,0x55,0x55,
0x95,0x54,0x14,0x55,0x56,0x55,0x55,0x55,0x55,0x59,0x55,0x55,0x69,0x14,0x54,0x55,0x55,0x56,0x15,0x51,0x55,0x15,0x55,0x55,0x56,0x55,0x15,0x15,0x1a,0x55,0x55,0x55,
0x55,0x95,0x50,0x65,0x65,0x54,0x55,0x55,0x55,0x65,0x55,0x55,0x55,0x55,0x55,0x55,0x15,0x55,0x55,0x65,0x65,0x55,0x55,0x55,0x45,0x55,0x55,0x45,0x19,0x51,0x55,0x55,
0x50,0x54,0x44,0x55,0x65,0x50,0x55,0x55,0x54,0x51,0x59,0x15,0x55,0x54,0x55,0x55,0x95,0x55,0x45,0x45,0x56,0x55,0x55,0x55,0x55,0x54,0x49,0x51,0x55,0x55,0x55,0x55,
0x45,0x15,0x45,0x15,0x54,0x51,0x55,0x55,0xa0,0x65,0x55,0x51,0x69,0x54,0x55,0x55,0x65,0x15,0x45,0x6,0x69,0x55,0x55,0x55,0x55,0x59,0x45,0x15,0x58,0x15,0x15,0x55,
0x55,0x59,0x54,0x55,0x64,0x54,0x55,0x55,0x55,0x55,0x44,0x5,0x55,0x55,0x55,0x55,0x55,0x51,0x14,0x55,0x59,0x54,0x55,0x55,0x55,0x55,0x54,0x45,0x65,0x11,0x55,0x55,
0x55,0x51,0x55,0x16,0x55,0x55,0x51,0x55,0x55,0x51,0x51,0x2,0x64,0x55,0x55,0x55,0x55,0x55,0x55,0x41,0x55,0x55,0x51,0x55,0x45,0x15,0x51,0x56,0x69,0x55,0x55,0x55,
0x55,0x45,0x55,0x45,0x64,0x55,0x55,0x55,0x54,0x51,0x55,0x16,0x64,0x51,0x55,0x55,0x54,0x55,0x55,0x56,0x55,0x45,0x54,0x55,0x51,0x45,0x50,0x45,0x55,0x55,0x55,0x55,
0x55,0x46,0x55,0x15,0x69,0x55,0x55,0x55,0x55,0x55,0x51,0x56,0x65,0x55,0x55,0x55,0x65,0x55,0x55,0x49,0x65,0x51,0x55,0x55,0x51,0x55,0x55,0x55,0x65,0x45,0x55,0x55,
0x55,0x15,0x56,0x18,0x15,0x55,0x55,0x55,0x55,0x55,0x59,0x55,0x55,0x54,0x45,0x55,0x55,0x55,0x5a,0x54,0x65,0x55,0x55,0x55,0x55,0x55,0x56,0x49,0x65,0x51,0x55,0x55,
0x55,0x55,0x4a,0x54,0x15,0x55,0x55,0x55,0x45,0x45,0x55,0x55,0x55,0x55,0x55,0x55,0x51,0x49,0x45,0x5,0x64,0x54,0x55,0x55,0x55,0x51,0x55,0x55,0x54,0x55,0x55,0x55,
0x45,0x65,0x55,0x55,0x64,0x55,0x54,0x55,0x65,0x65,0x55,0x5a,0x65,0x51,0x55,0x55,0x65,0x55,0x51,0x59,0x59,0x55,0x55,0x55,0x65,0x55,0x52,0x55,0x55,0x55,0x55,0x55,
0x51,0x55,0x56,0x59,0x25,0x55,0x55,0x55,0x55,0x50,0x15,0x19,0x24,0x51,0x55,0x55,0x54,0x51,0x51,0x45,0x24,0x51,0x55,0x55,0x46,0x45,0x55,0x55,0x55,0x51,0x55,0x55,
0x55,0x55,0x55,0x59,0x54,0x55,0x55,0x55,0x45,0x55,0x14,0x49,0x59,0x55,0x55,0x55,0x55,0x54,0x55,0x5a,0x65,0x41,0x55,0x55,0x55,0x55,0x54,0x59,0x55,0x45,0x55,0x55,
0x55,0x55,0x15,0x5,0x15,0x41,0x55,0x55,0x55,0x55,0x55,0x45,0x68,0x55,0x55,0x55,0x55,0x55,0x56,0x59,0x65,0x55,0x54,0x55,0x55,0x16,0x55,0x59,0x15,0x55,0x55,0x55,
0x51,0x56,0x55,0x55,0x55,0x54,0x55,0x55,0x59,0x58,0x15,0x19,0x64,0x54,0x55,0x55,0x59,0x55,0x14,0x11,0x65,0x55,0x55,0x55,0x15,0x15,0x10,0x55,0x69,0x51,0x55,0x55,
0x65,0x56,0x11,0x55,0x65,0x55,0x55,0x55,0x55,0x55,0x54,0x51,0x54,0x55,0x55,0x55,0x56,0x44,0x54,0x55,0x14,0x41,0x55,0x55,0x59,0x55,0x54,0x15,0x64,0x51,0x55,0x55,
0x55,0x45,0x55,0x55,0x55,0x51,0x55,0x55,0x56,0x69,0x55,0x1,0x65,0x55,0x55,0x55,0x55,0x55,0x51,0x16,0x55,0x55,0x55,0x55,0x55,0x55,0x54,0x55,0x69,0x55,0x55,0x55,
0x55,0x55,0x11,0x5,0x55,0x41,0x55,0x55,0xa5,0x55,0x55,0x45,0x54,0x55,0x55,0x55,0x45,0x55,0x51,0x46,0x24,0x55,0x55,0x55,0x54,0x55,0x55,0x51,0x55,0x55,0x55,0x55,
0x55,0x55,0xa5,0x55,0x54,0x41,0x55,0x55,0x55,0x95,0x55,0x56,0x65,0x50,0x55,0x55,0x52,0x55,0x55,0x58,0x65,0x51,0x55,0x55,0x56,0x95,0x65,0x49,0x55,0x55,0x55,0x55,
0x95,0x45,0x95,0x49,0x54,0x55,0x54,0x55,0x55,0x55,0x95,0x55,0x65,0x55,0x55,0x55,0x54,0x59,0x51,0x99,0x55,0x45,0x55,0x55,0x55,0x55,0x95,0x55,0x55,0x55,0x55,0x55,
0x45,0x55,0x55,0x45,0x55,0x55,0x55,0x55,0x25,0x50,0x51,0x99,0x15,0x54,0x55,0x55,0x45,0x55,0x55,0x55,0x65,0x54,0x55,0x55,0x51,0x45,0x54,0x55,0x64,0x55,0x55,0x55,
0x55,0x56,0x55,0x55,0x24,0x55,0x55,0x55,0x15,0x41,0x55,0x45,0x64,0x41,0x55,0x55,0xa5,0x51,0x56,0x55,0x65,0x55,0x55,0x55,0x65,0x55,0x55,0x95,0x65,0x55,0x55,0x55,
0x55,0x96,0x56,0x95,0x65,0x44,0x55,0x55,0x45,0x55,0x55,0x59,0x15,0x55,0x54,0x55,0x55,0x65,0x56,0x54,0x65,0x45,0x55,0x55,0x55,0x65,0x55,0x55,0x65,0x55,0x55,0x55,
0x55,0x55,0x55,0x55,0x55,0x55,0x55,0x55,0x95,0x55,0x55,0x55,0x55,0x55,0x55,0x55,0x51,0x55,0x55,0x55,0x55,0x55,0x55,0x55,0x55,0x55,0x55,0x55,0x55,0x55,0x55,0x55,
0x15,0x55,0x55,0x55,0x55,0x55,0x55,0x55,0x55,0x55,0x55,0x55,0x55,0x55,0x55,0x55,0x55,0x55,0x55,0x55,0x55,0x55,0x55,0x55,0x55,0x55,0x55,0x55,0x55,0x55,0x55,0x55,
0x45,0x54,0x56,0x55,0x55,0x55,0x55,0x55,0x55,0x55,0x55,0x55,0x55,0x55,0x55,0x55,0x54,0x55,0x65,0x55,0x55,0x55,0x55,0x55,0x45,0x45,0x55,0x55,0x55,0x55,0x55,0x55,
0x55,0x45,0x55,0x55,0x55,0x55,0x55,0x55,0x56,0x51,0x95,0x55,0x55,0x55,0x55,0x55,0x69,0x54,0x95,0x55,0x55,0x55,0x55,0x55,0x55,0x51,0x55,0x55,0x55,0x55,0x55,0x55,
0x56,0x19,0x55,0x55,0x55,0x55,0x55,0x55,0x45,0x44,0x55,0x55,0x55,0x55,0x55,0x55,0x55,0x55,0x55,0x55,0x55,0x55,0x55,0x55,0x55,0x55,0x55,0x55,0x55,0x55,0x55,0x55,
0x54,0x55,0x55,0x55,0x55,0x55,0x55,0x55,0x45,0x59,0x55,0x56,0x55,0x55,0x55,0x55,0x55,0x55,0x54,0x55,0x55,0x55,0x55,0x55,0x14,0x55,0x44,0x55,0x55,0x55,0x55,0x55,
0x55,0x55,0x55,0x55,0x55,0x55,0x55,0x55,0x55,0x54,0x55,0x65,0x55,0x55,0x55,0x55,0x50,0x55,0x55,0x55,0x55,0x55,0x55,0x55,0x54,0x55,0x54,0x56,0x55,0x55,0x55,0x55,
0x55,0x51,0x55,0x59,0x55,0x55,0x55,0x55,0x45,0x55,0x55,0x55,0x55,0x55,0x55,0x55,0x55,0x55,0x55,0x55,0x55,0x55,0x55,0x55,0x15,0x55,0x55,0x55,0x55,0x55,0x55,0x55,
0x55,0x55,0x51,0x59,0x55,0x55,0x55,0x55,0x45,0x65,0x51,0x55,0x55,0x55,0x55,0x55,0x65,0x55,0x51,0x56,0x55,0x55,0x55,0x55,0x55,0x89,0x55,0x55,0x55,0x55,0x55,0x55,
0x55,0x95,0x51,0x56,0x55,0x55,0x55,0x55,0x55,0x55,0x11,0x55,0x55,0x55,0x55,0x55,0x55,0x55,0x55,0x55,0x56,0x55,0x55,0x55,0x95,0x55,0x55,0x55,0x55,0x55,0x55,0x55,
0x56,0x55,0x51,0x55,0x55,0x55,0x55,0x55,0x65,0x55,0x55,0x65,0x55,0x55,0x55,0x55,0x65,0x49,0x55,0x56,0x55,0x55,0x55,0x55,0x50,0x16,0x5,0x95,0x55,0x55,0x55,0x55,
0x41,0x15,0x55,0x59,0x55,0x55,0x55,0x55,0x55,0x55,0x55,0x55,0x55,0x55,0x55,0x55,0x55,0x55,0x45,0x55,0x55,0x55,0x55,0x55,0x55,0x95,0x45,0x55,0x55,0x55,0x55,0x55,
0x46,0x55,0x55,0x55,0x55,0x55,0x55,0x55,0x49,0x55,0x45,0x55,0x55,0x55,0x55,0x55,0x15,0x55,0x56,0x55,0x56,0x55,0x55,0x55,0x54,0x15,0x95,0x55,0x55,0x55,0x55,0x55,
0x51,0x15,0x85,0x55,0x55,0x55,0x55,0x55,0x50,0x55,0x55,0x55,0x55,0x55,0x55,0x55,0x41,0x54,0x55,0x55,0x55,0x55,0x55,0x55,0x55,0x41,0x45,0x65,0x55,0x55,0x55,0x55,
0x15,0x55,0x95,0x55,0x55,0x55,0x55,0x55,0x45,0x48,0x45,0x59,0x55,0x55,0x55,0x55,0x69,0x1a,0x55,0x65,0x55,0x55,0x55,0x55,0x55,0x55,0x51,0x55,0x55,0x55,0x55,0x55,
0x56,0x55,0x55,0x55,0x55,0x55,0x55,0x55,0x54,0x69,0x55,0x55,0x55,0x55,0x55,0x55,0x55,0x55,0x55,0x55,0x55,0x55,0x55,0x55,0x55,0x55,0x55,0x55,0x55,0x55,0x55,0x55,
0x50,0x55,0x54,0x65,0x55,0x55,0x55,0x55,0x19,0x55,0x55,0x95,0x55,0x55,0x55,0x55,0x46,0x55,0x55,0x55,0x55,0x55,0x55,0x55,0x56,0x52,0x55,0x55,0x55,0x55,0x55,0x55,
0x65,0x16,0x55,0x95,0x55,0x55,0x55,0x55,0x55,0x15,0x55,0x55,0x55,0x55,0x55,0x55,0x55,0x56,0x15,0x55,0x55,0x55,0x55,0x55,0x15,0x45,0x55,0x55,0x55,0x55,0x55,0x55,
0x55,0x55,0x56,0x55,0x55,0x55,0x55,0x55,0x55,0x55,0x58,0x65,0x96,0x55,0x55,0x55,0x54,0x51,0x15,0x55,0x55,0x55,0x55,0x55,0x51,0x54,0x4,0x55,0x56,0x55,0x55,0x55,
0x45,0x55,0x55,0x95,0x55,0x55,0x55,0x55,0x55,0x55,0x55,0x55,0x55,0x55,0x55,0x55,0x54,0x55,0x54,0x55,0x55,0x55,0x55,0x55,0x99,0x11,0x5,0x95,0x55,0x55,0x55,0x55,
0x55,0x45,0x55,0x56,0x55,0x55,0x55,0x55,0x51,0x55,0x56,0x91,0x55,0x55,0x55,0x55,0x55,0x55,0x55,0x55,0x55,0x55,0x55,0x55,0x15,0x55,0x55,0x55,0x55,0x55,0x55,0x55,
0x85,0x56,0x45,0x55,0x55,0x55,0x55,0x55,0x54,0x95,0x55,0x51,0x55,0x55,0x55,0x55,0x51,0x55,0x55,0x55,0x55,0x55,0x55,0x55,0x55,0x56,0x55,0x55,0x55,0x55,0x55,0x55,
0x54,0x15,0x51,0x55,0x55,0x55,0x55,0x55,0x45,0x86,0x55,0x51,0x55,0x55,0x55,0x55,0x55,0x54,0x59,0x55,0x55,0x55,0x55,0x55,0x41,0x65,0x41,0x95,0x55,0x55,0x55,0x55,
0x55,0x55,0x45,0x55,0x55,0x55,0x55,0x55,0x11,0x54,0x55,0x55,0x55,0x55,0x55,0x55,0x55,0x45,0x55,0x55,0x55,0x55,0x55,0x55,0x15,0x45,0x45,0x55,0x55,0x55,0x55,0x55,
0x55,0x56,0x55,0x55,0x55,0x55,0x55,0x55,0x45,0x55,0x55,0x55,0x55,0x55,0x55,0x55,0x54,0x56,0x59,0x95,0x55,0x55,0x55,0x55,0x95,0x45,0x58,0x55,0x55,0x55,0x55,0x55,
0x55,0x51,0x65,0x55,0x55,0x55,0x55,0x55,0x59,0x55,0x55,0x54,0x65,0x55,0x55,0x55,0x55,0x51,0x54,0x59,0x55,0x55,0x55,0x55,0x51,0x54,0x55,0x55,0x55,0x55,0x55,0x55,
0x55,0x54,0x65,0x54,0x55,0x55,0x55,0x55,0x95,0x55,0x54,0x55,0x55,0x55,0x55,0x55,0x55,0x45,0x51,0x58,0x55,0x55,0x55,0x55,0x95,0x54,0x21,0x54,0x56,0x55,0x55,0x55,
0x51,0x55,0x55,0x59,0x55,0x55,0x55,0x55,0x49,0x54,0x25,0x55,0x55,0x55,0x55,0x55,0x55,0x65,0x55,0x59,0x55,0x55,0x55,0x55,0x55,0x56,0x65,0x54,0x55,0x55,0x55,0x55,
0x55,0x55,0x51,0x55,0x55,0x55,0x55,0x55,0x55,0x46,0x55,0x55,0x55,0x55,0x55,0x55,0x15,0x0,0x55,0x55,0x56,0x55,0x55,0x55,0x55,0x45,0x55,0x55,0x59,0x55,0x55,0x55,
0x55,0x45,0x54,0x95,0x65,0x55,0x55,0x55,0x55,0x65,0x55,0x55,0x59,0x55,0x55,0x55,0x55,0x55,0x55,0x95,0x55,0x55,0x55,0x55,0x59,0x95,0x55,0x59,0x55,0x55,0x55,0x55,
0x65,0x61,0x55,0x55,0x55,0x55,0x55,0x55,0x55,0x58,0x55,0x55,0x55,0x55,0x55,0x55,0x55,0x65,0x55,0x55,0x95,0x55,0x55,0x55,0x55,0x55,0x55,0x55,0x55,0x55,0x55,0x55,
0x55,0x56,0x55,0x59,0x95,0x55,0x55,0x55,0x50,0x5a,0x55,0x54,0x55,0x55,0x55,0x55,0x54,0x14,0x6,0x55,0x55,0x55,0x55,0x55,0x65,0x65,0x44,0x55,0x55,0x55,0x55,0x55,
0x66,0x55,0x51,0x45,0x55,0x55,0x55,0x55,0x15,0x95,0x55,0x55,0x55,0x55,0x55,0x55,0x55,0x55,0x55,0x55,0x55,0x55,0x55,0x55,0x55,0x5,0x65,0x55,0x55,0x55,0x55,0x55,
0x55,0x94,0x16,0x55,0x55,0x55,0x55,0x55,0x45,0x95,0x55,0x55,0x55,0x55,0x55,0x55,0x51,0x55,0x55,0x55,0x55,0x55,0x55,0x55,0x95,0x51,0x45,0x55,0x55,0x55,0x55,0x55,
0x55,0x51,0x15,0x55,0x55,0x55,0x55,0x55,0x54,0x54,0x55,0x45,0x55,0x55,0x55,0x55,0x55,0x14,0x65,0x55,0x55,0x55,0x55,0x55,0x55,0x5,0x55,0x45,0x55,0x55,0x55,0x55,
0x55,0x15,0x55,0x55,0x55,0x55,0x55,0x55,0x15,0x54,0x55,0x51,0x65,0x55,0x55,0x55,0x45,0x65,0x61,0x51,0x55,0x55,0x55,0x55,0x55,0x55,0x15,0x55,0x55,0x55,0x55,0x55,
0x55,0x15,0x55,0x65,0x55,0x55,0x55,0x55,0x65,0x45,0x55,0x51,0x65,0x55,0x55,0x55,0x55,0x19,0x51,0x51,0x55,0x55,0x55,0x55,0x65,0x65,0x55,0x55,0x55,0x55,0x55,0x55,
0x55,0x55,0x94,0x55,0x55,0x55,0x55,0x55,0x55,0x55,0x55,0x65,0x65,0x55,0x55,0x55,0x59,0x56,0x95,0x55,0x55,0x55,0x55,0x55,0x69,0x55,0x94,0x65,0x55,0x55,0x55,0x59,
0x65,0x65,0x95,0x55,0x95,0x55,0x55,0x55,0x95,0x55,0x95,0x65,0x59,0x55,0x55,0x55,0x55,0x55,0x99,0x51,0x55,0x55,0x55,0x55,0x59,0x55,0x45,0x55,0x55,0x55,0x55,0x55,
0x55,0x14,0x55,0x65,0x55,0x55,0x55,0x55,0x44,0x54,0x55,0x55,0x55,0x55,0x55,0x55,0x15,0x55,0x85,0x55,0x65,0x55,0x55,0x55,0x55,0x55,0x59,0x54,0x55,0x55,0x55,0x55,
0x55,0x55,0x85,0x55,0x55,0x55,0x55,0x55,0x55,0x98,0x45,0x54,0x55,0x55,0x55,0x55,0x45,0x55,0x85,0x55,0x55,0x55,0x55,0x55,0x51,0x51,0x45,0x51,0x55,0x55,0x55,0x55,
0x54,0x59,0x55,0x65,0x56,0x55,0x55,0x55,0x59,0x55,0x55,0x54,0x55,0x55,0x55,0x55,0x54,0x55,0x55,0x65,0x55,0x55,0x55,0x55,0x55,0x45,0x55,0x55,0x55,0x55,0x55,0x55,
0x15,0x55,0x55,0x50,0x65,0x55,0x55,0x55,0x55,0x16,0x55,0x65,0x55,0x55,0x55,0x55,0x44,0x95,0x45,0x55,0x55,0x55,0x55,0x55,0x65,0x55,0x45,0x51,0x55,0x55,0x55,0x55,
0x55,0x51,0x55,0x55,0x55,0x56,0x55,0x55,0x6a,0x55,0x55,0x55,0x55,0x55,0x55,0x55,0x11,0x54,0x56,0x65,0x65,0x55,0x55,0x55,0x95,0x5,0x55,0x65,0x55,0x55,0x55,0x55,
0x55,0x54,0x56,0x54,0x55,0x55,0x55,0x55,0x55,0x55,0x55,0x54,0x55,0x55,0x55,0x55,0x45,0x99,0x55,0x55,0x55,0x55,0x55,0x55,0x54,0x45,0x54,0x55,0x55,0x55,0x55,0x55,
0x55,0x55,0x45,0x55,0x55,0x55,0x55,0x55,0x51,0x5a,0x45,0x55,0x65,0x55,0x55,0x55,0x41,0x59,0x55,0x55,0x55,0x55,0x55,0x55,0x56,0x66,0x55,0x55,0x55,0x55,0x55,0x55,
0x65,0x55,0x45,0x55,0x55,0x55,0x55,0x55,0x95,0x55,0x44,0x55,0x55,0x55,0x55,0x55,0x69,0x55,0x45,0x55,0x59,0x55,0x55,0x55,0x11,0x55,0x55,0x54,0x55,0x55,0x55,0x55,
0x51,0x50,0x59,0x54,0x55,0x55,0x55,0x55,0x55,0x15,0x9,0x55,0x59,0x55,0x55,0x55,0x15,0x55,0x98,0x55,0x55,0x55,0x55,0x55,0x56,0x15,0x95,0x51,0x59,0x55,0x55,0x55,
0x65,0x55,0x56,0x55,0x55,0x55,0x55,0x55,0x59,0x54,0x55,0x55,0x65,0x55,0x55,0x55,0x95,0x55,0x56,0x55,0x55,0x55,0x55,0x55,0x56,0x51,0x55,0x55,0x55,0x55,0x55,0x55,
0x54,0x45,0x59,0x55,0x65,0x55,0x55,0x55,0x54,0x5,0x15,0x55,0x55,0x55,0x55,0x55,0x55,0x45,0x55,0x55,0x94,0x55,0x55,0x55,0x50,0x56,0x55,0x55,0x55,0x55,0x55,0x55,
0x95,0x15,0x54,0x55,0x65,0x55,0x55,0x55,0x55,0x54,0x94,0x54,0x55,0x55,0x55,0x55,0x45,0x69,0x55,0x55,0x55,0x55,0x55,0x55,0x55,0x15,0x54,0x55,0x55,0x55,0x55,0x55,
0x55,0x5,0x54,0x95,0x55,0x55,0x55,0x55,0x55,0x55,0x55,0x55,0x59,0x55,0x55,0x55,0x55,0x95,0x59,0x45,0x55,0x55,0x55,0x55,0x55,0x51,0x54,0x55,0x55,0x55,0x55,0x55,
0x55,0x55,0x55,0x45,0x55,0x55,0x55,0x55,0x41,0x95,0x95,0x55,0x55,0x55,0x55,0x55,0x55,0x15,0x55,0x55,0x65,0x55,0x55,0x55,0x50,0x61,0x94,0x45,0x55,0x55,0x55,0x55,
0x55,0x25,0x55,0x45,0x55,0x55,0x55,0x55,0x54,0x55,0x55,0x46,0x55,0x55,0x55,0x55,0x95,0x95,0x55,0x96,0x55,0x56,0x55,0x55,0x54,0x55,0x51,0x55,0x55,0x59,0x55,0x55,
0x55,0x95,0x55,0x45,0x55,0x55,0x55,0x55,0x45,0x55,0x51,0x55,0x59,0x55,0x55,0x55,0x54,0x14,0x55,0x45,0x54,0x55,0x55,0x55,0x55,0x55,0x91,0x52,0x95,0x55,0x55,0x55,
0x65,0x55,0x45,0x45,0x55,0x55,0x55,0x55,0x94,0x55,0x55,0x46,0x65,0x55,0x55,0x55,0x55,0x59,0x95,0x55,0x55,0x55,0x55,0x55,0x55,0x19,0x55,0x45,0x55,0x55,0x55,0x55,
0x55,0x55,0x15,0x46,0x55,0x55,0x55,0x55,0x14,0x55,0x15,0x56,0x55,0x55,0x55,0x55,0x15,0x19,0x45,0x55,0x55,0x55,0x55,0x55,0x54,0x55,0x55,0x46,0x55,0x55,0x55,0x55,
0x55,0x54,0x15,0x56,0x95,0x55,0x55,0x55,0x59,0x55,0x15,0x56,0x55,0x55,0x55,0x55,0x55,0x55,0x15,0x45,0x55,0x55,0x55,0x55,0x95,0x55,0x25,0x51,0x55,0x55,0x55,0x55,
0x51,0x45,0x15,0x55,0x55,0x55,0x55,0x55,0x16,0x55,0x11,0x56,0x55,0x55,0x55,0x55,0x55,0x61,0x15,0x95,0x55,0x55,0x55,0x55,0x51,0x55,0x55,0x42,0x65,0x55,0x55,0x55,
0x55,0x55,0x55,0x85,0x55,0x55,0x55,0x55,0x51,0x55,0x55,0x55,0x95,0x55,0x55,0x55,0x5,0x54,0x55,0x45,0x55,0x55,0x55,0x55,0x55,0x55,0x55,0x55,0x55,0x55,0x55,0x55,
0xa4,0x65,0x55,0x55,0x55,0x55,0x55,0x55,0x61,0x51,0x45,0x45,0x65,0x55,0x55,0x55,0x55,0x55,0x55,0x55,0x55,0x55,0x55,0x55,0x55,0x56,0x15,0x45,0x55,0x55,0x55,0x55,
0x45,0x59,0x55,0x54,0x55,0x55,0x55,0x55,0x55,0x65,0x55,0x55,0x95,0x55,0x65,0x55,0x59,0x55,0x55,0x51,0x55,0x55,0x55,0x55,0x55,0x44,0x55,0x51,0x54,0x55,0x55,0x55,
0x55,0x55,0x52,0x45,0x95,0x55,0x55,0x55,0x85,0x59,0x55,0x55,0x55,0x55,0x55,0x55,0x85,0x55,0x51,0x55,0x55,0x55,0x55,0x55,0x55,0x55,0x54,0x55,0x95,0x55,0x55,0x55,
0x59,0x55,0x55,0x55,0x59,0x55,0x55,0x55,0x51,0x55,0x55,0x45,0x55,0x55,0x55,0x55,0x55,0x51,0x55,0x45,0x55,0x56,0x55,0x55,0x55,0x55,0x19,0x51,0x55,0x55,0x55,0x55,
0x55,0x55,0x54,0x55,0x59,0x55,0x55,0x55,0x55,0x55,0x55,0x91,0x59,0x55,0x55,0x55,0x65,0x90,0x55,0x55,0x55,0x55,0x55,0x55,0x15,0x15,0x59,0x51,0x55,0x55,0x55,0x55,
0x59,0x55,0x56,0x91,0x95,0x55,0x55,0x55,0x65,0x55,0x16,0x55,0x55,0x55,0x55,0x55,0x55,0x55,0x65,0x45,0x55,0x55,0x55,0x55,0x55,0x59,0x65,0x55,0x55,0x55,0x55,0x55,
0x16,0x99,0x55,0x55,0x55,0x55,0x55,0x55,0x65,0x65,0x15,0x55,0x55,0x55,0x55,0x55,0x45,0x55,0x55,0x55,0x55,0x55,0x55,0x55,0x15,0x52,0x55,0x55,0x55,0x55,0x55,0x55,
0x85,0x64,0x55,0x45,0x55,0x55,0x55,0x55,0x55,0x51,0x12,0x55,0x55,0x55,0x55,0x55,0x55,0x45,0x51,0x51,0x55,0x55,0x55,0x55,0x16,0x55,0x55,0x45,0x55,0x55,0x55,0x55,
0x54,0x55,0x19,0x54,0x65,0x55,0x55,0x55,0x56,0x55,0x15,0x55,0x55,0x55,0x55,0x55,0x15,0x55,0x59,0x50,0x65,0x55,0x55,0x55,0x15,0x5,0x55,0x55,0x55,0x55,0x55,0x55,
0x51,0x55,0x55,0x55,0x95,0x55,0x55,0x55,0x55,0x14,0x55,0x55,0x55,0x55,0x55,0x55,0x15,0x55,0x19,0x55,0x55,0x55,0x55,0x55,0x55,0x55,0x69,0x51,0x55,0x55,0x55,0x55,
0x1,0x55,0x69,0x54,0x95,0x55,0x55,0x55,0x55,0x51,0x55,0x51,0x55,0x55,0x55,0x55,0x95,0x54,0x55,0x55,0x55,0x55,0x55,0x55,0x55,0x56,0x55,0x55,0x55,0x55,0x55,0x55,
0x54,0x55,0x59,0x54,0x55,0x55,0x55,0x55,0x55,0x15,0x65,0x54,0x65,0x55,0x55,0x55,0x5,0x55,0x59,0x51,0x55,0x55,0x55,0x55,0x55,0x45,0x59,0x56,0x55,0x55,0x55,0x55,
0x55,0x15,0x54,0x55,0x55,0x55,0x55,0x55,0x55,0x55,0x55,0x51,0x55,0x55,0x55,0x55,0x55,0x59,0x51,0x55,0x55,0x55,0x55,0x55,0x45,0x45,0x51,0x52,0x55,0x55,0x55,0x55,
0x64,0x44,0x55,0x55,0x55,0x55,0x55,0x55,0x55,0x64,0x55,0x55,0x55,0x55,0x55,0x55,0x15,0x55,0x55,0x55,0x55,0x55,0x55,0x55,0x55,0x55,0x50,0x55,0x55,0x55,0x55,0x55,
0x55,0x55,0x51,0x56,0x55,0x55,0x55,0x55,0x55,0x15,0x54,0x55,0x95,0x55,0x55,0x55,0x51,0x45,0x54,0x51,0x55,0x55,0x55,0x55,0x45,0x15,0x61,0x16,0xa5,0x55,0x55,0x55,
0x55,0x55,0x55,0x52,0x55,0x55,0x55,0x55,0x65,0x49,0x16,0x16,0x55,0x55,0x55,0x55,0x4a,0x55,0x55,0x55,0x55,0x55,0x55,0x55,0x55,0x15,0x55,0x56,0x55,0x55,0x55,0x55,
0x55,0x65,0x56,0x11,0x55,0x55,0x55,0x55,0x56,0x55,0x55,0x55,0x55,0x55,0x55,0x55,0x65,0x55,0x54,0x55,0x55,0x55,0x55,0x55,0x45,0x44,0x51,0x19,0x95,0x55,0x55,0x55,
0x55,0x89,0x51,0x5a,0x55,0x55,0x55,0x55,0x55,0x55,0x51,0x59,0x55,0x55,0x55,0x55,0x55,0x15,0x56,0x15,0x55,0x55,0x55,0x55,0x54,0x55,0x56,0x15,0x55,0x55,0x55,0x55,
0x55,0x54,0x55,0x16,0x55,0x56,0x55,0x55,0x54,0x55,0x45,0x55,0x95,0x56,0x55,0x55,0x54,0x51,0x56,0x59,0x95,0x59,0x55,0x55,0x54,0x40,0x55,0x15,0x56,0x55,0x55,0x55,
0x44,0x55,0x45,0x59,0x55,0x55,0x55,0x55,0x56,0x15,0x15,0x55,0x55,0x59,0x55,0x55,0x55,0x15,0x15,0x55,0x66,0x55,0x55,0x55,0x45,0x15,0x55,0x15,0x55,0x55,0x55,0x55,
0x55,0x55,0x56,0x4a,0x55,0x55,0x55,0x55,0x51,0x16,0x55,0x15,0x55,0x55,0x55,0x55,0x55,0x56,0x56,0x55,0x56,0x55,0x55,0x55,0x55,0x55,0x51,0x15,0x65,0x55,0x55,0x55,
0x59,0x55,0x55,0x59,0x55,0x55,0x55,0x55,0x55,0x55,0x51,0x55,0x55,0x55,0x55,0x55,0x54,0x55,0x51,0x54,0x55,0x59,0x55,0x55,0x55,0x15,0x55,0x14,0x55,0x55,0x55,0x55,
0x91,0x55,0x50,0x15,0x56,0x55,0x55,0x55,0x59,0x25,0x51,0x55,0x56,0x56,0x55,0x55,0x45,0x55,0x55,0x18,0x55,0x55,0x55,0x55,0x65,0x51,0x55,0x44,0x55,0x55,0x55,0x55,
0x55,0x51,0x55,0x58,0x55,0x55,0x59,0x55,0x55,0x46,0x55,0x15,0x56,0x55,0x55,0x55,0x55,0x56,0x95,0x14,0x55,0x55,0x55,0x55,0x55,0x56,0x55,0x59,0x55,0x55,0x55,0x55,
0x55,0x56,0x94,0x48,0x55,0x55,0x55,0x55,0x55,0x55,0x51,0x55,0x52,0x55,0x55,0x55,0x41,0x2,0x55,0x55,0x55,0x55,0x55,0x55,0x85,0x95,0x55,0x54,0x55,0x55,0x55,0x55,
0x51,0x95,0x45,0x54,0x55,0x55,0x55,0x55,0x55,0x55,0x54,0x59,0x56,0x65,0x55,0x55,0x15,0x55,0x55,0x19,0x55,0x55,0x55,0x55,0x59,0x51,0x55,0x19,0x95,0x55,0x55,0x55,
0x55,0x55,0x55,0x4,0x55,0x55,0x55,0x55,0x56,0x15,0x55,0x55,0x56,0x55,0x55,0x55,0x66,0x15,0x15,0x54,0x55,0x55,0x55,0x55,0x54,0x55,0x45,0x55,0x55,0x56,0x55,0x55,
0x51,0x55,0x15,0x45,0x55,0x55,0x55,0x55,0x45,0x54,0x55,0x55,0x55,0x55,0x55,0x55,0x55,0x55,0x45,0x54,0x55,0x56,0x55,0x55,0x55,0x5,0x55,0x55,0x55,0x55,0x55,0x55,
0x55,0x16,0x55,0x55,0x55,0x55,0x55,0x55,0x59,0x65,0x51,0x55,0x55,0x55,0x55,0x55,0x45,0x55,0x55,0x55,0x55,0x59,0x55,0x55,0x14,0xa4,0x45,0x54,0x96,0x55,0x55,0x55,
0x14,0x95,0x55,0x55,0x56,0x55,0x55,0x55,0x55,0x64,0x55,0x55,0x55,0x55,0x55,0x55,0x65,0x15,0x15,0x55,0x55,0x55,0x55,0x55,0x66,0x14,0x19,0x55,0x55,0x55,0x55,0x55,
0x55,0x15,0x55,0x55,0x55,0x55,0x55,0x55,0x56,0x55,0x55,0x5,0x55,0x55,0x55,0x55,0x56,0x51,0x54,0x55,0x56,0x55,0x55,0x55,0x55,0x5a,0x55,0x5,0x55,0x55,0x55,0x55,
0x55,0x55,0x55,0x59,0x96,0x55,0x55,0x55,0x45,0x56,0x44,0x4,0x55,0x55,0x55,0x55,0x55,0x46,0x54,0x55,0xa5,0x55,0x55,0x55,0x55,0x45,0x15,0x45,0x55,0x55,0x55,0x55,
0x15,0x51,0x65,0x5,0x95,0x55,0x55,0x55,0x55,0x55,0x55,0x55,0x55,0x55,0x55,0x55,0x15,0x55,0x54,0x55,0x55,0x55,0x55,0x55,0x55,0x55,0x54,0x55,0x55,0x55,0x55,0x55,
0x50,0x50,0x55,0x54,0x55,0x56,0x55,0x55,0x15,0x55,0x1a,0x54,0x55,0x55,0x55,0x55,0x55,0x45,0x65,0x55,0x55,0x55,0x55,0x55,0x59,0x41,0x15,0x55,0x55,0x55,0x55,0x55,
0x92,0x41,0x58,0x55,0x55,0x55,0x55,0x55,0x55,0x64,0x69,0x45,0x55,0x55,0x55,0x55,0x61,0x96,0x15,0x51,0x95,0x55,0x55,0x55,0x45,0x55,0x89,0x54,0x51,0x55,0x56,0x55,
0x55,0x95,0x55,0x54,0x55,0x55,0x55,0x55,0x55,0x54,0x94,0x55,0x56,0x56,0x55,0x55,0x55,0x65,0x86,0x45,0x55,0x55,0x55,0x55,0x55,0x59,0x55,0x55,0x55,0x65,0x55,0x55,
0x15,0x54,0x46,0x54,0x55,0x56,0x55,0x55,0x65,0x65,0x55,0x55,0x55,0x55,0x55,0x55,0x55,0x55,0x95,0x55,0x55,0x55,0x55,0x55,0xa5,0x59,0x55,0x54,0x55,0x55,0x55,0x55,
0x95,0x54,0x55,0x55,0x56,0x56,0x55,0x55,0x45,0x45,0x5a,0x55,0x55,0x55,0x55,0x55,0x52,0x55,0x55,0x55,0x55,0x55,0x55,0x55,0x55,0x55,0x55,0x45,0x55,0x55,0x55,0x55,
0x55,0x95,0x5,0x45,0x55,0x55,0x55,0x55,0x56,0x55,0x5,0x14,0x55,0x55,0x55,0x55,0x55,0x55,0x65,0x51,0x55,0x55,0x55,0x55,0x55,0x55,0x95,0x51,0x56,0x55,0x55,0x55,
0x55,0x51,0x55,0x55,0x51,0x55,0x55,0x55,0x19,0x55,0x51,0x45,0x56,0x55,0x55,0x55,0x14,0x45,0x45,0x54,0x46,0x55,0x55,0x55,0x55,0x55,0xa1,0x55,0x66,0x55,0x55,0x55,
0x55,0x55,0x54,0x55,0x95,0x55,0x55,0x55,0x55,0x55,0x51,0x49,0x95,0x55,0x55,0x55,0x55,0x55,0x40,0x55,0x55,0x55,0x55,0x55,0x55,0x51,0x55,0x55,0x55,0x55,0x55,0x55,
0x15,0x55,0x61,0x55,0x55,0x55,0x55,0x55,0x96,0x55,0x55,0x45,0x55,0x55,0x55,0x55,0x55,0x55,0x65,0x45,0x54,0x55,0x55,0x55,0x55,0x55,0x65,0x45,0x55,0x65,0x55,0x55,
0x51,0x55,0x65,0x55,0x55,0x55,0x55,0x55,0x55,0x55,0x65,0x55,0x56,0x55,0x55,0x55,0x59,0x55,0x65,0x55,0x55,0x55,0x55,0x55,0x55,0x59,0x55,0x55,0x55,0x55,0x55,0x55,
0x55,0x50,0x55,0x45,0x55,0x56,0x55,0x55,0x55,0x55,0x55,0x41,0x55,0x56,0x55,0x55,0x55,0x15,0x55,0x55,0x55,0x59,0x55,0x55,0x98,0x55,0x55,0x55,0x54,0x55,0x55,0x55,
0x15,0x51,0x55,0x55,0x55,0x55,0x55,0x55,0x65,0x45,0x54,0x55,0x55,0x55,0x55,0x55,0x55,0x55,0x65,0x59,0x55,0x55,0x55,0x55,0x55,0x55,0x50,0x59,0x55,0x55,0x55,0x55,
0x45,0x55,0x45,0x59,0x55,0x56,0x55,0x55,0x45,0x61,0x40,0x45,0x95,0x55,0x55,0x55,0x15,0x55,0x54,0x55,0x64,0x55,0x55,0x55,0x15,0x55,0x45,0x45,0x55,0x55,0x55,0x55,
0x55,0x5,0x55,0x59,0x55,0x55,0x55,0x55,0x55,0x11,0x41,0x55,0x55,0x55,0x55,0x55,0x65,0x55,0x55,0x55,0x55,0x55,0x55,0x55,0x55,0x54,0x56,0x55,0x55,0x56,0x55,0x55,
0x54,0x85,0x56,0x55,0x55,0x55,0x55,0x55,0x55,0x45,0x55,0x55,0x55,0x59,0x55,0x55,0x55,0x51,0x54,0x55,0x55,0x55,0x55,0x55,0x51,0x55,0x54,0x49,0x55,0x55,0x55,0x55,
0x95,0x99,0x55,0x55,0x55,0x55,0x55,0x55,0x45,0x45,0x55,0x55,0x55,0x55,0x55,0x55,0x55,0x55,0x55,0x49,0x54,0x66,0x55,0x55,0x55,0x95,0x55,0x55,0x54,0x55,0x55,0x55,
0x41,0x15,0x95,0x55,0x54,0x55,0x55,0x55,0x56,0x55,0x59,0x58,0x54,0x55,0x55,0x55,0x55,0x14,0x55,0x45,0x95,0x95,0x55,0x55,0x55,0x94,0x95,0x55,0x55,0x59,0x55,0x55,
0x65,0x55,0x95,0x55,0x54,0x55,0x55,0x55,0x55,0x54,0x95,0x59,0x54,0x55,0x55,0x55,0x51,0x95,0x99,0x55,0x55,0x55,0x55,0x55,0x55,0x11,0x51,0x55,0x54,0x55,0x55,0x55,
0x55,0x55,0x85,0x55,0x55,0x55,0x55,0x55,0x94,0x15,0x95,0x45,0x55,0x65,0x55,0x55,0x25,0x55,0x52,0x55,0x55,0x55,0x55,0x55,0x55,0x55,0x41,0x59,0x55,0x55,0x55,0x55,
0x55,0x55,0x56,0x55,0x54,0x55,0x55,0x55,0x41,0x15,0x55,0x55,0x54,0x55,0x55,0x55,0x55,0x55,0x95,0x59,0x55,0x55,0x55,0x55,0x55,0x55,0x45,0x55,0x45,0x56,0x55,0x55,
0x52,0x55,0x44,0x65,0x54,0x55,0x55,0x55,0x65,0x51,0x59,0x55,0x55,0x56,0x55,0x55,0x45,0x55,0x51,0x65,0x94,0x55,0x55,0x55,0x94,0x64,0x45,0x55,0x55,0x55,0x55,0x55,
0x40,0x55,0x15,0x55,0x55,0x55,0x55,0x55,0x61,0x55,0x14,0x64,0x59,0x56,0x55,0x55,0x55,0x55,0x51,0x54,0x55,0x55,0x55,0x55,0x55,0x54,0x14,0x65,0x55,0x55,0x55,0x55,
0x59,0x15,0x14,0x55,0x44,0x55,0x55,0x55,0x9,0x55,0x50,0x59,0x45,0x55,0x55,0x55,0x55,0x95,0x55,0x65,0x55,0x55,0x55,0x55,0x45,0x55,0x55,0x55,0x55,0x55,0x55,0x55,
0x55,0x55,0x11,0x65,0x54,0x59,0x55,0x55,0x95,0x51,0x55,0x65,0x55,0x95,0x55,0x55,0x44,0x50,0x55,0x55,0x59,0x55,0x55,0x55,0x55,0x55,0x59,0x55,0x55,0x55,0x55,0x55,
0x55,0x55,0x19,0x55,0x55,0x95,0x55,0x55,0x45,0x95,0x55,0x55,0x58,0x55,0x55,0x55,0x55,0x55,0x55,0x65,0x55,0x55,0x55,0x55,0x61,0x55,0x59,0x55,0x95,0x55,0x55,0x55,
0x64,0x51,0x11,0x55,0x55,0x56,0x55,0x55,0x95,0x11,0x55,0x55,0x95,0x55,0x55,0x55,0x51,0x99,0x55,0x61,0x54,0x55,0x55,0x55,0x59,0x95,0x5,0x61,0x55,0x55,0x55,0x55,
0x55,0x55,0x55,0x61,0x55,0x55,0x55,0x55,0x55,0x95,0x51,0x55,0x54,0x55,0x55,0x55,0x65,0x96,0x50,0x61,0x54,0x55,0x55,0x55,0x55,0x66,0x45,0x66,0x54,0x55,0x55,0x55,
0x16,0x65,0x55,0x65,0x58,0x55,0x55,0x55,0x95,0x15,0x55,0x65,0x99,0x56,0x55,0x55,0x55,0x56,0x55,0x61,0x58,0x55,0x55,0x55,0x55,0x55,0x54,0x55,0x55,0x55,0x55,0x55,
0x65,0x5,0x55,0x51,0x55,0x55,0x55,0x55,0x11,0x55,0x55,0x65,0x55,0x55,0x55,0x55,0x51,0x15,0x51,0x51,0x55,0x96,0x55,0x55,0x15,0x54,0x51,0x15,0x94,0x55,0x55,0x55,
0x55,0x54,0x55,0x11,0x45,0x55,0x55,0x55,0x15,0x55,0x55,0x56,0x55,0x55,0x55,0x55,0x46,0x54,0x65,0x55,0x55,0x59,0x55,0x55,0x56,0x5a,0x55,0x61,0x54,0x55,0x55,0x55,
0x54,0x55,0x55,0x51,0x59,0x55,0x55,0x55,0x56,0x55,0x55,0x51,0x59,0x65,0x55,0x55,0x59,0x50,0x52,0x55,0x55,0x55,0x55,0x55,0x55,0x54,0x55,0x10,0x54,0x55,0x55,0x55,
0x56,0x55,0x61,0x55,0x54,0x55,0x55,0x55,0x15,0x55,0x55,0x24,0x58,0x55,0x55,0x55,0x55,0x55,0x55,0x25,0x55,0x55,0x55,0x55,0x15,0x55,0x55,0x25,0x55,0x55,0x55,0x55,
0x95,0x54,0x55,0x55,0x55,0x65,0x55,0x55,0x51,0x55,0x54,0x51,0x55,0x55,0x55,0x55,0x55,0x11,0x55,0x45,0x55,0x55,0x55,0x55,0x58,0x54,0x44,0x54,0x55,0x55,0x55,0x55,
0x55,0x21,0x15,0x55,0x55,0x55,0x55,0x55,0x65,0x55,0x45,0x51,0x55,0x55,0x55,0x55,0x46,0x55,0x55,0x55,0x59,0x59,0x55,0x55,0x54,0x55,0x56,0x55,0x55,0x55,0x55,0x55,
0x15,0x25,0x15,0x11,0x55,0x55,0x55,0x55,0x56,0x55,0x51,0x55,0x54,0x55,0x55,0x55,0x51,0x56,0x15,0x51,0x54,0x55,0x55,0x55,0x95,0x55,0x55,0x51,0x54,0x95,0x55,0x55,
0x64,0x45,0x54,0x55,0x59,0x55,0x55,0x55,0x55,0x55,0x15,0x55,0x94,0x55,0x55,0x55,0x45,0x54,0x55,0x54,0x55,0x55,0x55,0x55,0x55,0x59,0x56,0x55,0x55,0x95,0x55,0x55,
0x55,0x55,0x51,0x55,0x59,0x55,0x55,0x55,0x69,0x15,0x55,0x55,0x45,0x55,0x55,0x55,0x21,0x14,0x45,0x55,0x59,0x55,0x55,0x55,0xa5,0x55,0x14,0x55,0x54,0x55,0x55,0x55,
0x55,0x94,0x50,0x55,0x54,0x55,0x55,0x55,0x46,0x16,0x55,0x55,0x45,0x59,0x55,0x55,0x45,0x56,0x65,0x15,0x55,0x55,0x55,0x55,0x65,0x45,0x24,0x55,0x55,0x56,0x55,0x55,
0x15,0x55,0x69,0x55,0x55,0x55,0x55,0x55,0x56,0x55,0x55,0x65,0x55,0x56,0x55,0x55,0x15,0x58,0x55,0x55,0x54,0x55,0x55,0x55,0x54,0x85,0x55,0x55,0x55,0x55,0x55,0x55,
0x51,0x99,0x51,0x55,0x59,0x55,0x55,0x55,0x49,0x59,0x15,0x55,0x59,0x55,0x55,0x55,0x56,0x55,0x55,0x54,0x59,0x55,0x55,0x55,0x55,0x55,0x55,0x55,0x99,0x55,0x55,0x55,
0x85,0x56,0x41,0x55,0x55,0x55,0x55,0x55,0x55,0x55,0x55,0x15,0x58,0x59,0x55,0x55,0x55,0x61,0x51,0x15,0x55,0x55,0x55,0x55,0x55,0x11,0x95,0x55,0x55,0x56,0x55,0x55,
0x55,0x55,0x55,0x55,0x55,0x55,0x55,0x55,0x52,0x55,0x45,0x51,0x59,0x55,0x55,0x55,0x55,0x54,0x95,0x54,0x55,0x55,0x55,0x55,0x65,0x55,0x54,0x54,0x55,0x55,0x55,0x55,
0x95,0x55,0x54,0x55,0x54,0x56,0x55,0x55,0x15,0x55,0x55,0x55,0x55,0x55,0x55,0x55,0x55,0x15,0x45,0x51,0x54,0x55,0x55,0x55,0x55,0x54,0x55,0x55,0x55,0x55,0x55,0x55,
0x55,0x55,0x95,0x51,0x55,0x55,0x55,0x55,0x55,0x1,0x59,0x55,0x55,0x65,0x55,0x55,0x45,0x56,0x55,0x15,0x55,0x55,0x55,0x55,0x44,0x55,0x96,0x55,0x55,0x55,0x55,0x55,
0x55,0x45,0xa5,0x51,0x55,0x55,0x55,0x55,0x5,0x59,0x69,0x55,0x55,0x55,0x55,0x55,0x56,0x59,0x55,0x50,0x55,0x55,0x55,0x55,0x55,0x55,0x51,0x55,0x59,0x55,0x55,0x55,
0x55,0x56,0x61,0x52,0x55,0x65,0x55,0x55,0x65,0x41,0x55,0x56,0x55,0x55,0x55,0x55,0x15,0x51,0x55,0x16,0x55,0x55,0x55,0x55,0x55,0x55,0x56,0x51,0x55,0x55,0x55,0x55,
0x59,0x84,0x59,0x56,0x95,0x55,0x55,0x55,0x55,0x54,0x15,0x55,0x95,0x55,0x55,0x55,0x55,0x55,0x59,0x11,0x55,0x55,0x55,0x55,0x52,0x95,0x56,0x15,0x59,0x55,0x55,0x55,
0x54,0x56,0x55,0x51,0x55,0x59,0x55,0x55,0x54,0x55,0x19,0x55,0x55,0x55,0x55,0x55,0x41,0x55,0x55,0x55,0x59,0x55,0x55,0x55,0x96,0x96,0x55,0x56,0x55,0x55,0x55,0x55,
0x55,0x45,0x55,0x51,0x54,0x55,0x55,0x55,0x55,0x55,0x56,0x51,0x55,0x56,0x55,0x55,0x55,0x55,0x55,0x15,0x59,0x55,0x95,0x55,0x55,0x55,0x66,0x51,0x55,0x55,0x55,0x55,
0x56,0x55,0x15,0x55,0x55,0x55,0x55,0x55,0x55,0x55,0x15,0x55,0x55,0x55,0x55,0x55,0x54,0x55,0x55,0x55,0x55,0x65,0x55,0x55,0x59,0x55,0x54,0x44,0x45,0x55,0x55,0x55,
0x46,0x66,0x65,0x45,0x55,0x55,0x55,0x55,0x54,0x61,0x59,0x45,0x55,0x59,0x55,0x55,0x45,0x95,0x94,0x55,0x55,0x95,0x55,0x55,0x45,0x54,0x55,0x11,0x54,0x55,0x55,0x55,
0x15,0x55,0x65,0x55,0x55,0x55,0x55,0x55,0x55,0x55,0x54,0x41,0x55,0x55,0x55,0x55,0x55,0x55,0x55,0x12,0x55,0x55,0x55,0x55,0x52,0x54,0x55,0x45,0x45,0x55,0x55,0x55,
0x55,0x15,0x45,0x55,0x55,0x55,0x55,0x55,0x56,0x55,0x55,0x46,0x55,0x59,0x55,0x55,0x45,0x55,0x15,0x55,0x55,0x55,0x55,0x55,0x55,0x55,0x11,0x16,0x55,0x95,0x55,0x55,
0x55,0x55,0x55,0x56,0x55,0x55,0x55,0x55,0x55,0x11,0x41,0x55,0x55,0x55,0x55,0x55,0x51,0x55,0x4,0x56,0x55,0x55,0x55,0x55,0x45,0x54,0x55,0x65,0x55,0x55,0x55,0x55,
0x58,0x15,0x45,0x65,0x55,0x55,0x55,0x55,0x5,0x55,0x95,0x55,0x55,0x55,0x55,0x55,0x54,0x5a,0x55,0x56,0x55,0x55,0x55,0x55,0x51,0x49,0x54,0x55,0x55,0x55,0x55,0x55,
0x55,0x68,0x55,0x55,0x55,0x55,0x55,0x55,0x45,0x55,0x55,0x45,0x59,0x55,0x55,0x55,0x55,0x55,0x55,0x56,0x55,0x55,0x55,0x55,0x59,0x55,0x55,0x65,0x95,0x65,0x55,0x55,
0x65,0x45,0x55,0x61,0x55,0x56,0x55,0x55,0x55,0x55,0x95,0x56,0x55,0x55,0x55,0x55,0x59,0x11,0x51,0x55,0x55,0x55,0x55,0x55,0x95,0x45,0x55,0x55,0x55,0x55,0x55,0x55,
0x95,0x86,0x55,0x15,0x55,0x55,0x55,0x55,0x55,0x55,0x55,0x15,0x55,0x55,0x55,0x55,0x55,0x55,0x55,0x45,0x55,0x55,0x55,0x55,0x61,0x55,0x51,0x45,0x55,0x55,0x55,0x55,
0x55,0x56,0x55,0x55,0x55,0x55,0x55,0x55,0x55,0x11,0x55,0x45,0x55,0x5a,0x55,0x55,0x55,0x45,0x55,0x55,0x55,0x55,0x55,0x55,0x95,0x45,0x95,0x55,0x55,0x55,0x55,0x55,
0x15,0x55,0x54,0x25,0x45,0x55,0x55,0x55,0x59,0x55,0x55,0x25,0x55,0x55,0x55,0x55,0x55,0x55,0x55,0x55,0x55,0x55,0x55,0x55,0x55,0x55,0x55,0x55,0x55,0x55,0x55,0x55,
0x19,0x95,0x54,0x55,0x55,0x55,0x55,0x55,0x55,0x85,0x51,0x55,0x55,0x55,0x55,0x55,0x44,0x95,0x15,0x55,0x55,0x55,0x55,0x55,0x55,0x55,0x51,0x65,0x55,0x65,0x55,0x55,
0x56,0x15,0x55,0x65,0x55,0x55,0x55,0x55,0x55,0x15,0x15,0x55,0x55,0x59,0x55,0x55,0x59,0x14,0x54,0x55,0x55,0x55,0x55,0x55,0x46,0x55,0x56,0x55,0x55,0x55,0x55,0x55,
0x55,0x45,0x15,0x15,0x55,0x55,0x55,0x55,0x55,0x55,0x1a,0x15,0x65,0x55,0x55,0x55,0x15,0x55,0x55,0x55,0x55,0x65,0x55,0x55,0x50,0x55,0x46,0x55,0x15,0x55,0x55,0x55,
0x55,0x65,0x54,0x55,0x51,0x55,0x55,0x55,0x45,0x55,0x59,0x24,0x55,0x55,0x55,0x55,0x55,0x55,0x15,0x55,0x55,0x55,0x55,0x55,0x45,0x55,0x12,0x55,0x55,0x95,0x55,0x55,
0x54,0x66,0x56,0x55,0x51,0x55,0x55,0x55,0x40,0x55,0x45,0x16,0x51,0x55,0x55,0x55,0x55,0x19,0x10,0x55,0x51,0x55,0x55,0x55,0x54,0x25,0x55,0x55,0x55,0x55,0x55,0x55,
0x55,0x65,0x65,0x55,0x55,0x56,0x55,0x55,0x51,0x59,0x19,0x55,0x55,0x55,0x55,0x55,0x5,0x65,0x55,0x56,0x51,0x55,0x55,0x55,0x86,0x45,0x55,0x55,0x55,0x55,0x55,0x55,
0x65,0x59,0x55,0x55,0x55,0x55,0x55,0x55,0x54,0x95,0x65,0x55,0x55,0x55,0x55,0x55,0x45,0x55,0x58,0x56,0x55,0x55,0x55,0x55,0x55,0x55,0x55,0x65,0x55,0x55,0x55,0x55,
0x55,0x55,0x55,0x65,0x51,0x59,0x55,0x55,0x56,0x55,0x11,0x15,0x55,0x59,0x55,0x55,0x45,0x55,0x55,0x65,0x51,0x55,0x55,0x55,0x15,0x55,0x25,0x25,0x54,0x55,0x55,0x55,
0x65,0x56,0x55,0x55,0x55,0x55,0x55,0x55,0x65,0x55,0x55,0x55,0x55,0x55,0x55,0x55,0x51,0x51,0x55,0x55,0x55,0x55,0x55,0x55,0x45,0x51,0x55,0x65,0x55,0x59,0x55,0x55,
0x5a,0x65,0x45,0x65,0x11,0x59,0x55,0x55,0x55,0x54,0x19,0x65,0x55,0x55,0x55,0x55,0x55,0x55,0x59,0x91,0x55,0x55,0x55,0x55,0x45,0x55,0x15,0x55,0x55,0x55,0x55,0x55,
0x55,0x55,0x55,0x55,0x55,0x55,0x55,0x55,0x49,0x59,0x48,0x55,0x51,0x55,0x55,0x55,0x51,0x55,0x65,0x56,0x51,0x55,0x55,0x55,0x15,0x55,0x11,0x55,0x55,0x55,0x55,0x55,
0xa4,0x55,0x15,0x55,0x51,0x55,0x55,0x55,0x55,0x65,0x65,0x95,0x51,0x55,0x55,0x55,0x55,0x65,0x55,0x95,0x55,0x55,0x55,0x55,0x45,0x85,0x65,0x94,0x55,0x95,0x55,0x55,
0x1,0x55,0x45,0x55,0x51,0x55,0x55,0x55,0x55,0x51,0x41,0x51,0x55,0x55,0x55,0x55,0x15,0x11,0x20,0x91,0x55,0x55,0x55,0x55,0x55,0x15,0x59,0x54,0x55,0x55,0x55,0x55,
0x85,0x16,0x15,0x95,0x51,0x55,0x55,0x55,0x55,0x45,0x45,0x90,0x51,0x55,0x55,0x55,0x56,0x55,0x54,0x55,0x51,0x55,0x55,0x55,0x45,0x15,0x45,0x95,0x51,0x55,0x55,0x55,
0x15,0x55,0x65,0x55,0x65,0x55,0x55,0x55,0x51,0x51,0x55,0x54,0x51,0x55,0x55,0x55,0x55,0x59,0x45,0x95,0x55,0x55,0x55,0x55,0x54,0x56,0x55,0x94,0x51,0x5a,0x55,0x55,
0x55,0x55,0x55,0x55,0x55,0x95,0x55,0x55,0x16,0x51,0x55,0x55,0x51,0x59,0x55,0x55,0x15,0x59,0x55,0x55,0x55,0x55,0x55,0x55,0x55,0x55,0x66,0x64,0x51,0x55,0x55,0x55,
0x40,0x46,0x55,0x54,0x55,0x55,0x55,0x55,0x51,0x14,0x65,0x54,0x55,0x55,0x55,0x55,0x55,0x55,0x51,0x55,0x61,0x55,0x55,0x55,0x16,0x55,0x65,0x95,0x55,0x65,0x55,0x55,
0x5,0x65,0x55,0x55,0x51,0x56,0x55,0x55,0x55,0x55,0x55,0x95,0x41,0x55,0x55,0x55,0x6,0x95,0x55,0x65,0x55,0x55,0x55,0x55,0x55,0x44,0x66,0x95,0x51,0x55,0x55,0x55,
0x55,0x55,0x56,0x54,0x51,0x55,0x55,0x55,0x95,0x55,0x65,0x55,0x51,0x65,0x55,0x55,0x65,0x55,0x15,0x55,0x55,0x55,0x55,0x55,0x51,0x50,0x55,0x95,0x51,0x55,0x55,0x55,
0x51,0x45,0x55,0x55,0x65,0x55,0x55,0x55,0x55,0x65,0x55,0x95,0x55,0x55,0x55,0x55,0x15,0x56,0x46,0x85,0x55,0x55,0x55,0x55,0x45,0x55,0x15,0x45,0x61,0x55,0x55,0x55,
0x65,0x55,0x55,0x99,0x50,0x65,0x55,0x55,0x59,0x46,0x45,0x44,0x51,0x55,0x55,0x55,0x55,0x45,0x52,0x55,0x65,0x55,0x55,0x55,0x95,0x55,0x16,0x85,0x55,0x55,0x55,0x55,
0x15,0x55,0x45,0x49,0x50,0x55,0x55,0x55,0x55,0x54,0x55,0x85,0x55,0x55,0x59,0x55,0x56,0x54,0x54,0x45,0x55,0x55,0x55,0x55,0x55,0x5,0x51,0x59,0x54,0x55,0x55,0x55,
0x55,0x55,0x55,0x99,0x55,0x55,0x55,0x55,0x51,0x45,0x55,0x95,0x51,0x56,0x55,0x55,0x55,0x1,0x55,0x55,0x65,0x55,0x55,0x55,0x64,0x56,0x15,0x45,0x15,0x55,0x55,0x55,
0x95,0x55,0x55,0x59,0x55,0x55,0x55,0x55,0x14,0x55,0x55,0x85,0x55,0x55,0x55,0x55,0x5,0x65,0x54,0x99,0x45,0x55,0x55,0x55,0x55,0x15,0x51,0x45,0x54,0x55,0x55,0x55,
0x55,0x55,0x54,0x55,0x55,0x59,0x55,0x55,0x55,0x15,0x55,0x95,0x54,0x55,0x55,0x55,0x54,0x55,0x55,0x95,0x55,0x55,0x55,0x55,0x51,0x15,0x55,0x55,0x64,0x55,0x55,0x55,
0x11,0x55,0x41,0x55,0x61,0x55,0x55,0x55,0x11,0x55,0x55,0x45,0x51,0x55,0x55,0x55,0x59,0x55,0x54,0x84,0x51,0x66,0x55,0x55,0x45,0x54,0x54,0x85,0x55,0x55,0x55,0x55,
0x65,0x55,0x55,0x55,0x55,0x56,0x55,0x55,0x58,0x5,0x59,0x55,0x55,0x55,0x55,0x55,0x21,0x45,0x45,0x95,0x55,0x55,0x55,0x55,0x41,0x51,0x48,0x85,0x55,0x55,0x55,0x55,
0x45,0x45,0x55,0x95,0x55,0x56,0x55,0x55,0x55,0x55,0x59,0x44,0x55,0x56,0x55,0x55,0x55,0x54,0x55,0x95,0x55,0x55,0x55,0x55,0x55,0x55,0x55,0x95,0x55,0x55,0x55,0x55,
0x55,0x55,0x55,0x55,0x55,0x55,0x55,0x55,0x55,0x54,0x15,0x89,0x55,0x55,0x55,0x55,0x59,0x55,0x55,0x85,0x55,0x55,0x55,0x55,0x54,0x55,0x55,0x54,0x55,0x55,0x55,0x55,
0x15,0x55,0x54,0x45,0x15,0x55,0x55,0x55,0x5,0x54,0x55,0x51,0x55,0x55,0x55,0x55,0x41,0x55,0x55,0x55,0x65,0x69,0x55,0x55,0x15,0x55,0x55,0x55,0x51,0x55,0x55,0x55,
0x95,0x52,0x59,0x51,0x55,0x55,0x55,0x55,0x55,0x95,0x55,0x55,0x51,0x95,0x55,0x55,0x54,0x55,0x55,0x55,0x55,0x55,0x55,0x55,0x59,0x94,0x55,0x55,0x55,0x55,0x55,0x55,
0x15,0x55,0x55,0x45,0x55,0x55,0x55,0x55,0x55,0x51,0x55,0x55,0x55,0x65,0x55,0x55,0x65,0x59,0x55,0x55,0x11,0x55,0x55,0x55,0x51,0x55,0x51,0x55,0x54,0x65,0x55,0x55,
0x55,0x65,0x15,0x45,0x11,0x55,0x55,0x55,0x55,0x45,0x55,0x45,0x55,0x55,0x55,0x55,0x45,0x64,0x55,0x55,0x64,0x59,0x55,0x55,0x55,0x41,0x11,0x45,0x55,0x55,0x55,0x55,
0x55,0x65,0x12,0x55,0x55,0x55,0x55,0x55,0x95,0x55,0x51,0x55,0x55,0x55,0x55,0x55,0x55,0x55,0x49,0x55,0x65,0x55,0x55,0x55,0x45,0x55,0x49,0x51,0x65,0x55,0x55,0x55,
0x5,0x95,0x1a,0x55,0x55,0x55,0x55,0x55,0x55,0x55,0x56,0x45,0x55,0x95,0x55,0x55,0x65,0x15,0x15,0x55,0x55,0x55,0x55,0x55,0x15,0x55,0x56,0x55,0x55,0x55,0x55,0x55,
0x54,0x55,0x54,0x45,0x64,0x55,0x55,0x55,0x55,0x54,0x54,0x55,0x65,0x55,0x55,0x55,0x55,0x11,0x15,0x54,0x65,0x55,0x55,0x55,0x95,0x45,0x51,0x45,0x65,0x55,0x55,0x55,
0x55,0x56,0x55,0x55,0x55,0x55,0x55,0x55,0x51,0x55,0x51,0x55,0x55,0x55,0x55,0x55,0x55,0x55,0x95,0x55,0x55,0x55,0x55,0x55,0x55,0x45,0x91,0x55,0x54,0x55,0x65,0x55,
0x45,0x55,0x95,0x55,0x55,0x55,0x56,0x55,0x55,0x40,0x95,0x54,0x55,0x55,0x55,0x55,0x45,0x55,0x95,0x55,0x55,0x55,0x55,0x55,0x51,0x51,0x94,0x55,0x55,0x55,0x55,0x55,
0x15,0x20,0x56,0x54,0x51,0x55,0x55,0x55,0x45,0x65,0x56,0x54,0x55,0x55,0x55,0x55,0x95,0x51,0x45,0x55,0x55,0x55,0x55,0x55,0x15,0x95,0x55,0x54,0x55,0x55,0x55,0x55,
0x55,0x54,0x52,0x84,0x15,0x59,0x55,0x55,0x11,0x51,0x56,0x55,0x55,0x55,0x55,0x55,0x55,0x91,0x51,0x55,0x55,0x55,0x55,0x55,0x94,0x56,0x55,0x55,0x50,0x55,0x55,0x55,
0x15,0x54,0x45,0x55,0x55,0x55,0x55,0x55,0x95,0x52,0x51,0x55,0x55,0x55,0x55,0x55,0x95,0x65,0x44,0x56,0x55,0x55,0x55,0x55,0x55,0x55,0x55,0x56,0x55,0x55,0x55,0x55,
0x45,0x55,0x55,0x55,0x55,0x55,0x55,0x55,0x51,0x95,0x45,0x55,0x54,0x65,0x56,0x55,0x55,0x55,0x54,0x55,0x55,0x99,0x55,0x55,0x45,0x50,0x55,0x41,0x55,0x55,0x55,0x55,
0x14,0xa5,0x55,0x45,0x55,0x55,0x55,0x55,0x19,0x95,0x14,0x96,0x15,0x55,0x55,0x55,0x56,0x51,0x54,0x55,0x54,0x59,0x55,0x55,0x55,0x55,0x11,0x55,0x51,0x55,0x59,0x55,
0x41,0x55,0x1,0x56,0x55,0x55,0x55,0x55,0x95,0x55,0x55,0x55,0x55,0x55,0x55,0x55,0x55,0x15,0x15,0x56,0x15,0x55,0x55,0x55,0x55,0x55,0x61,0x55,0x54,0x55,0x55,0x55,
0x45,0x11,0x15,0x41,0x54,0x59,0x55,0x55,0x15,0x55,0xa5,0x56,0x55,0x59,0x55,0x55,0x65,0x55,0x95,0x56,0x55,0x55,0x55,0x55,0x51,0x59,0x65,0x55,0x55,0x55,0x55,0x55,
0x55,0x54,0x55,0x46,0x55,0x55,0x55,0x55,0x95,0x59,0xa5,0x55,0x64,0x55,0x55,0x55,0x15,0x15,0x59,0x56,0x65,0x55,0x55,0x55,0x54,0x19,0x55,0x46,0x65,0x55,0x55,0x55,
0x55,0x55,0x95,0x55,0x55,0x55,0x55,0x55,0x51,0x45,0x59,0x45,0x54,0x55,0x55,0x55,0x15,0x59,0x56,0x56,0x55,0x59,0x55,0x55,0x55,0x56,0x65,0x51,0x54,0x55,0x55,0x55,
0x55,0x55,0x46,0x55,0x51,0x55,0x55,0x55,0x55,0x65,0x46,0x58,0x51,0x55,0x55,0x55,0x55,0x55,0x45,0x49,0x15,0x55,0x55,0x55,0x15,0x51,0x55,0x59,0x51,0x55,0x55,0x55,
0x59,0x46,0x55,0x55,0x65,0x55,0x55,0x55,0x51,0x11,0x55,0x15,0x55,0x55,0x55,0x55,0x54,0x54,0x55,0x59,0x65,0x55,0x55,0x55,0x54,0x65,0x55,0x45,0x51,0x55,0x55,0x55,
0x45,0x55,0x66,0x49,0x15,0x55,0x55,0x55,0x55,0x55,0x66,0x45,0x55,0x55,0x65,0x55,0x45,0x55,0x69,0x55,0x65,0x65,0x55,0x55,0x55,0x45,0x55,0x45,0x51,0x55,0x55,0x55,
0x59,0x45,0x55,0x55,0x5,0x55,0x55,0x55,0x54,0x55,0x6a,0x45,0x55,0x55,0x55,0x55,0x51,0x46,0x9a,0x51,0x55,0x95,0x56,0x55,0x55,0x15,0x58,0x45,0x55,0x55,0x55,0x55,
0x51,0x55,0x65,0x45,0x55,0x55,0x55,0x55,0x55,0x55,0x95,0x14,0x51,0x55,0x55,0x55,0x51,0x95,0x55,0x55,0x15,0x55,0x55,0x55,0x51,0x55,0x55,0x45,0x55,0x55,0x55,0x55,
0x55,0x54,0x65,0x55,0x55,0x65,0x55,0x55,0x55,0x54,0x55,0x19,0x55,0x55,0x55,0x55,0x55,0x55,0x54,0x55,0x55,0x59,0x56,0x55,0x95,0x11,0xa5,0x54,0x55,0x55,0x55,0x55,
0x55,0x65,0x55,0x14,0x55,0x55,0x55,0x55,0x15,0x51,0x69,0x45,0x55,0x55,0x55,0x55,0x55,0x55,0x55,0x54,0x55,0x55,0x55,0x55,0x19,0x95,0x95,0x51,0x55,0x55,0x55,0x55,
0x81,0x55,0x59,0x54,0x55,0x55,0x55,0x55,0x56,0x54,0x55,0x50,0x54,0x55,0x55,0x55,0x55,0x55,0x55,0x55,0x55,0x55,0x55,0x55,0x55,0x55,0x55,0x15,0x55,0x55,0x55,0x55,
0x54,0x95,0x51,0x55,0x55,0x55,0x55,0x55,0x44,0x65,0x55,0x11,0x64,0x55,0x55,0x55,0x55,0x55,0x95,0x55,0x55,0x55,0x55,0x55,0x55,0x59,0x55,0x45,0x55,0x65,0x55,0x55,
0x45,0x55,0x56,0x55,0x45,0x55,0x56,0x55,0x51,0x15,0x55,0x5a,0x50,0x55,0x55,0x55,0x55,0x55,0x55,0x46,0x51,0x55,0x55,0x55,0x65,0x49,0x50,0x15,0x65,0x55,0x55,0x55,
0x95,0x55,0x55,0x59,0x54,0x55,0x55,0x55,0x16,0x51,0x55,0x55,0x55,0x55,0x55,0x55,0x44,0x55,0x54,0x54,0x55,0x64,0x55,0x55,0x5,0x55,0x44,0x45,0x45,0x55,0x55,0x55,
0x14,0x55,0x55,0x46,0x15,0x55,0x55,0x55,0x55,0x55,0x15,0x59,0x55,0x55,0x55,0x55,0x55,0x55,0x55,0x14,0x55,0x55,0x55,0x55,0x54,0x55,0x49,0x55,0x55,0x65,0x55,0x55,
0x55,0x54,0x45,0x85,0x54,0x59,0x55,0x55,0x91,0x55,0x15,0x59,0x55,0x55,0x55,0x55,0x15,0x55,0x55,0x95,0x55,0x65,0x55,0x55,0x55,0x15,0x55,0x84,0x54,0x59,0x55,0x55,
0x55,0x51,0x15,0x95,0x55,0xa5,0x55,0x55,0x41,0x55,0x45,0x95,0x55,0x55,0x55,0x55,0x55,0x41,0x55,0x95,0x65,0x55,0x55,0x55,0x69,0x95,0x55,0x95,0x54,0x59,0x55,0x55,
0x15,0x45,0x55,0x56,0x54,0x55,0x55,0x55,0x55,0x59,0x50,0x59,0x55,0x55,0x55,0x55,0x15,0x56,0x55,0x56,0x65,0x65,0x55,0x55,0x55,0x11,0x45,0x56,0x55,0x55,0x59,0x55,
0x55,0x55,0x50,0x16,0x5,0x55,0x55,0x55,0x46,0x55,0x55,0x55,0x55,0x55,0x55,0x55,0x55,0x59,0x55,0x59,0x55,0x55,0x55,0x55,0x64,0x59,0x54,0x46,0x54,0x55,0x55,0x55,
0x15,0x55,0x55,0x15,0x55,0x59,0x55,0x55,0x55,0x55,0x55,0x59,0x54,0x55,0x55,0x55,0x55,0x11,0x55,0x55,0x54,0x55,0x55,0x55,0x55,0x55,0x55,0x96,0x45,0x55,0x55,0x55,
0x51,0xa0,0x55,0x5a,0x54,0x55,0x55,0x55,0x99,0x55,0x55,0x56,0x55,0x55,0x55,0x55,0x46,0x51,0x55,0x55,0x55,0x55,0x55,0x55,0x55,0x55,0x55,0x55,0x55,0x55,0x55,0x55,
0x55,0x55,0x55,0x95,0x55,0x55,0x55,0x55,0x12,0x15,0x45,0x59,0x54,0x59,0x55,0x55,0x55,0x55,0x56,0x55,0x55,0x55,0x55,0x55,0x55,0x56,0x45,0x15,0x54,0x55,0x55,0x55,
0x65,0x59,0x56,0x55,0x55,0x59,0x55,0x55,0x55,0x55,0x11,0x56,0x55,0x55,0x55,0x55,0x55,0x55,0x55,0x55,0x54,0x95,0x55,0x55,0x15,0x15,0x55,0x15,0x55,0x55,0x55,0x55,
0x55,0x45,0x41,0x15,0x55,0x55,0x55,0x55,0x5,0x15,0x51,0x55,0x55,0x55,0x55,0x55,0x55,0x55,0x55,0x95,0x65,0x55,0x55,0x55,0x56,0x55,0x55,0x55,0x54,0x55,0x55,0x55,
0x54,0x55,0x55,0x55,0x55,0x55,0x55,0x55,0x55,0x55,0x11,0x95,0x55,0x65,0x55,0x55,0x55,0x56,0x45,0x56,0x55,0x54,0x56,0x55,0x55,0x56,0x55,0x95,0x55,0x55,0x55,0x55,
0x55,0x55,0x55,0x54,0x55,0x95,0x55,0x55,0x45,0x55,0x15,0x54,0x55,0x59,0x55,0x55,0x65,0x55,0x19,0x94,0x54,0x55,0x56,0x55,0x54,0x55,0x51,0x95,0x55,0x65,0x55,0x55,
0x55,0x55,0x46,0x54,0x55,0x55,0x55,0x55,0x15,0x65,0x16,0x95,0x55,0x55,0x55,0x55,0x50,0x55,0x51,0x54,0x55,0x55,0x55,0x55,0x55,0x51,0x42,0x55,0x55,0x55,0x55,0x55,
0x15,0x55,0x45,0x55,0x54,0x55,0x55,0x55,0x45,0x15,0x51,0x94,0x45,0x55,0x55,0x55,0x55,0x15,0x55,0x54,0x55,0x55,0x55,0x55,0xa5,0x55,0x65,0x55,0x55,0x55,0x55,0x55,
0x55,0x55,0x55,0x54,0x55,0x55,0x55,0x55,0x45,0x15,0x69,0x55,0x55,0x55,0x56,0x55,0x15,0x55,0x55,0x55,0x55,0x65,0x55,0x55,0x55,0x49,0x54,0x55,0x55,0x55,0x55,0x55,
0x56,0x45,0x58,0x54,0x55,0x65,0x55,0x55,0x45,0x51,0x55,0x54,0x55,0x55,0x55,0x55,0x45,0x55,0x15,0x55,0x45,0x54,0x55,0x55,0x15,0x15,0x55,0x55,0x55,0x55,0x56,0x55,
0x51,0x55,0x55,0x45,0x55,0x55,0x55,0x55,0x54,0x54,0x15,0x58,0x55,0x55,0x55,0x55,0x44,0x5,0x1,0x55,0x45,0x55,0x55,0x55,0x55,0x55,0x45,0x55,0x45,0x65,0x55,0x55,
0x11,0x54,0x15,0x94,0x44,0x55,0x55,0x55,0x41,0x55,0x19,0x55,0x55,0x55,0x55,0x55,0x56,0x55,0x58,0x94,0x55,0x55,0x55,0x55,0x56,0x66,0x55,0x55,0x54,0x55,0x55,0x55,
0x55,0x55,0x50,0x55,0x55,0x55,0x55,0x55,0x55,0x54,0x55,0x55,0x55,0x55,0x55,0x55,0x45,0x55,0x45,0x55,0x55,0x54,0x55,0x55,0x59,0x55,0x55,0x55,0x55,0x55,0x55,0x55,
0x56,0x55,0x55,0x54,0x45,0x55,0x55,0x55,0x45,0x95,0x55,0x54,0x54,0x55,0x55,0x55,0x59,0x54,0x91,0x45,0x55,0x55,0x55,0x55,0x61,0x51,0x55,0x59,0x54,0x55,0x55,0x55,
0x65,0x55,0x96,0x55,0x5,0x55,0x55,0x55,0x54,0x55,0x95,0x55,0x55,0x55,0x65,0x55,0x15,0x45,0x55,0x44,0x45,0x95,0x55,0x55,0x95,0x51,0x55,0x55,0x44,0x55,0x55,0x55,
0x54,0x55,0x61,0x54,0x45,0x65,0x55,0x55,0x95,0x56,0x45,0x49,0x55,0x55,0x55,0x55,0x91,0x55,0x65,0x55,0x55,0x55,0x55,0x55,0x54,0x15,0x65,0x55,0x55,0x55,0x56,0x55,
0x51,0x55,0x55,0x49,0x55,0x55,0x55,0x55,0x54,0x55,0x59,0x55,0x54,0x95,0x55,0x55,0x14,0x55,0x55,0x45,0x55,0x55,0x55,0x55,0x55,0x19,0x95,0x49,0x45,0x55,0x55,0x55,
0x5a,0x19,0x59,0x55,0x55,0x55,0x55,0x55,0x95,0x55,0x51,0x59,0x55,0x55,0x55,0x55,0x55,0x55,0x52,0x55,0x55,0x55,0x55,0x55,0x55,0x55,0x15,0x59,0x54,0x55,0x55,0x55,
0x55,0x55,0x55,0x55,0x45,0x55,0x55,0x55,0x59,0x99,0x65,0x55,0x55,0x55,0x56,0x55,0x55,0x59,0x55,0x45,0x55,0x55,0x55,0x55,0x55,0x55,0x55,0x55,0x46,0x95,0x55,0x55,
0x91,0x55,0x65,0x55,0x1,0x65,0x55,0x55,0x55,0x14,0x25,0x55,0x56,0x55,0x55,0x55,0x45,0x55,0x55,0x59,0x46,0x54,0x55,0x55,0x54,0x51,0x15,0x95,0x55,0x55,0x55,0x55,
0x15,0x91,0x25,0x54,0x55,0x55,0x55,0x55,0x59,0x95,0x66,0x54,0x45,0x55,0x55,0x55,0x19,0xa5,0x55,0x55,0x45,0x55,0x55,0x55,0x45,0x15,0x55,0x49,0x45,0x55,0x55,0x55,
0x55,0x25,0x95,0x45,0x45,0x65,0x55,0x55,0x51,0x64,0x55,0x55,0x55,0x54,0x55,0x55,0x55,0x96,0x95,0x55,0x45,0x55,0x55,0x55,0x91,0x65,0x85,0x55,0x56,0x55,0x55,0x55,
0x55,0x95,0x85,0x55,0x55,0x55,0x55,0x55,0x65,0x94,0x55,0x55,0x55,0x59,0x55,0x55,0x55,0x25,0x45,0x51,0x45,0x55,0x55,0x55,0x55,0x55,0x45,0x44,0x56,0x55,0x55,0x55,
0x55,0x55,0x46,0x55,0x56,0x55,0x55,0x55,0x51,0x15,0x45,0x41,0x55,0x55,0x55,0x55,0x55,0x45,0x55,0x54,0x55,0x55,0x55,0x55,0x55,0x55,0x95,0x95,0x55,0x55,0x55,0x55,
0x4,0x45,0x55,0x54,0x55,0x55,0x56,0x55,0x55,0x55,0x15,0x54,0x95,0x55,0x55,0x55,0x51,0x59,0x55,0x55,0x55,0x55,0x55,0x55,0x55,0x55,0x55,0x54,0x55,0x65,0x55,0x55,
0x95,0x56,0x55,0x55,0x45,0x55,0x55,0x55,0x25,0x45,0x55,0x91,0x96,0x55,0x55,0x55,0x16,0x55,0x45,0x55,0x95,0x55,0x55,0x55,0x45,0x55,0x54,0x55,0x55,0x55,0x55,0x55,
0x55,0x55,0x55,0x51,0x85,0x55,0x55,0x55,0x99,0x51,0x55,0x55,0x45,0x59,0x55,0x55,0x45,0x55,0x55,0x45,0x55,0x95,0x55,0x55,0x55,0x55,0x55,0x51,0x96,0x55,0x55,0x55,
0x65,0x15,0x55,0x55,0x55,0x65,0x55,0x55,0x56,0x55,0x15,0x55,0x46,0x55,0x55,0x55,0x59,0x55,0x54,0x55,0x55,0x55,0x56,0x55,0x54,0x45,0x55,0x55,0x45,0x55,0x55,0x55,
0x55,0x19,0x49,0x55,0x45,0x55,0x55,0x55,0x55,0x51,0x49,0x51,0x95,0x55,0x55,0x55,0x55,0x6a,0x95,0x95,0x55,0x55,0x55,0x55,0x41,0x56,0x45,0x55,0x45,0x55,0x55,0x55,
0x51,0x51,0x54,0x91,0x46,0x55,0x55,0x55,0x65,0x55,0x94,0x51,0x55,0x55,0x55,0x55,0x45,0x15,0x55,0x55,0x45,0x55,0x55,0x55,0x51,0x94,0x55,0x55,0x55,0x55,0x55,0x55,
0x59,0x51,0x45,0x55,0x46,0x55,0x55,0x55,0x55,0x95,0x55,0x51,0x55,0x55,0x55,0x55,0x65,0x95,0x55,0x51,0x45,0x55,0x55,0x55,0x61,0x55,0x56,0x45,0x45,0x55,0x55,0x55,
0x56,0x44,0x56,0x55,0x52,0x55,0x55,0x55,0x55,0x45,0x95,0x50,0x45,0x55,0x55,0x55,0x55,0x5,0x96,0x95,0x95,0x59,0x55,0x55,0x95,0x55,0x56,0x55,0x86,0x55,0x55,0x55,
0x56,0x55,0x99,0x54,0x45,0x55,0x55,0x55,0x55,0x55,0x55,0x55,0x41,0x59,0x55,0x55,0x65,0x54,0x15,0x55,0x55,0x55,0x55,0x55,0x5a,0x51,0x55,0x55,0x56,0x55,0x55,0x55,
0x54,0x59,0x15,0x45,0x46,0x55,0x56,0x55,0x15,0x55,0x45,0x45,0x55,0x59,0x55,0x55,0x54,0x55,0x55,0x15,0x45,0x55,0x55,0x55,0x5,0x55,0x55,0x10,0x55,0x55,0x55,0x55,
0x65,0x55,0x55,0x15,0x55,0x59,0x55,0x55,0x15,0x55,0x55,0x15,0x55,0x55,0x55,0x55,0x55,0x45,0x54,0x15,0x45,0x65,0x55,0x55,0x51,0x15,0x16,0x14,0x56,0x54,0x55,0x55,
0x55,0x64,0x55,0x15,0x56,0x55,0x55,0x55,0x55,0x51,0x55,0x55,0x46,0x55,0x55,0x55,0x65,0x55,0x15,0x54,0x55,0x55,0x55,0x55,0x55,0x56,0x49,0x15,0x46,0x55,0x55,0x55,
0x55,0x55,0x55,0x15,0x85,0x54,0x55,0x55,0x55,0x61,0x5,0x15,0x56,0x55,0x55,0x55,0x54,0x56,0x45,0x14,0x55,0x55,0x55,0x55,0x59,0x65,0x55,0x25,0x55,0x55,0x55,0x55,
0x55,0x55,0x55,0x15,0x56,0x55,0x55,0x55,0x55,0x55,0x11,0x55,0x51,0x55,0x55,0x55,0x56,0x55,0x55,0x15,0x51,0x64,0x55,0x55,0x54,0x25,0x51,0x14,0x96,0x55,0x59,0x55,
0x55,0x59,0x54,0x55,0x95,0x55,0x55,0x55,0x55,0x55,0x55,0x24,0x45,0x55,0x55,0x55,0x50,0x59,0x55,0x15,0x51,0x55,0x55,0x55,0x55,0x55,0x54,0x15,0x45,0x55,0x55,0x55,
0x55,0x55,0x55,0x55,0x55,0x55,0x55,0x55,0x55,0x55,0x55,0x55,0x55,0x55,0x55,0x55,0x54,0x55,0x55,0x55,0x55,0x55,0x55,0x55,0x55,0x14,0x54,0x55,0x55,0x55,0x55,0x55,
0x51,0x55,0x51,0x45,0x55,0x55,0x55,0x55,0x54,0x55,0x51,0x55,0x55,0x55,0x55,0x55,0x15,0x44,0x45,0x55,0x55,0x55,0x55,0x55,0x55,0x55,0x45,0x51,0x55,0x55,0x55,0x55,
0x55,0x15,0x55,0x55,0x55,0x55,0x55,0x55,0x55,0x55,0x45,0x55,0x55,0x55,0x55,0x55,0x59,0x55,0x15,0x55,0x55,0x55,0x55,0x55,0x51,0x50,0x56,0x51,0x55,0x55,0x55,0x55,
0x55,0x11,0x56,0x54,0x55,0x55,0x55,0x55,0x44,0x55,0x55,0x11,0x55,0x55,0x55,0x55,0x5a,0x45,0x51,0x44,0x55,0x55,0x55,0x55,0x55,0x54,0x59,0x15,0x55,0x55,0x55,0x55,
0x15,0x55,0x44,0x55,0x55,0x55,0x55,0x55,0x55,0x54,0x55,0x55,0x14,0x55,0x55,0x55,0x95,0x15,0x45,0x55,0x45,0x55,0x55,0x55,0xa9,0x55,0x55,0x55,0x55,0x55,0x55,0x55,
0x55,0x55,0x64,0x55,0x55,0x55,0x55,0x55,0x15,0x15,0x65,0x44,0x55,0x55,0x55,0x55,0x55,0x65,0x59,0x55,0x55,0x54,0x55,0x55,0x55,0x55,0x25,0x45,0x55,0x55,0x55,0x55,
0x55,0x56,0x15,0x55,0x55,0x55,0x55,0x55,0x55,0x55,0x15,0x15,0x55,0x55,0x55,0x55,0x56,0x45,0x91,0x4,0x55,0x55,0x55,0x55,0x55,0x65,0x81,0x55,0x54,0x55,0x55,0x55,
0x58,0x91,0x55,0x55,0x54,0x55,0x55,0x55,0x55,0x95,0x95,0x55,0x54,0x55,0x55,0x55,0x55,0x51,0x59,0x55,0x54,0x55,0x55,0x55,0x45,0xa0,0x55,0x55,0x55,0x55,0x55,0x55,
0x54,0x55,0x51,0x54,0x54,0x55,0x55,0x55,0x55,0x95,0x44,0x55,0x55,0x55,0x55,0x55,0x55,0x54,0x55,0x16,0x54,0x55,0x55,0x55,0x55,0x55,0x51,0x16,0x45,0x55,0x55,0x55,
0x59,0x55,0x44,0x56,0x55,0x55,0x55,0x55,0x55,0x95,0x55,0x52,0x55,0x55,0x55,0x55,0x15,0x51,0x95,0x56,0x55,0x55,0x55,0x55,0x55,0x55,0x66,0x55,0x55,0x55,0x55,0x55,
0x95,0x15,0x65,0x55,0x55,0x45,0x55,0x55,0x55,0x55,0x55,0x52,0x55,0x55,0x55,0x55,0x55,0x54,0x95,0x55,0x55,0x55,0x55,0x55,0x49,0x14,0x55,0x55,0x55,0x55,0x55,0x55,
0x15,0x66,0x45,0x55,0x55,0x55,0x55,0x55,0x56,0x59,0x45,0x51,0x54,0x55,0x55,0x55,0x56,0x55,0x15,0x15,0x55,0x55,0x55,0x55,0x54,0x59,0x55,0x45,0x55,0x51,0x55,0x55,
0x59,0x54,0x42,0x59,0x15,0x55,0x55,0x55,0x55,0x15,0x15,0x5a,0x55,0x55,0x55,0x55,0x55,0x15,0x54,0x55,0x55,0x55,0x55,0x55,0x56,0x55,0x54,0x59,0x15,0x51,0x55,0x55,
0x55,0x55,0x49,0x45,0x45,0x55,0x55,0x55,0x15,0x55,0x54,0x45,0x55,0x55,0x55,0x55,0x55,0x51,0x95,0x55,0x55,0x51,0x55,0x55,0x54,0x46,0x55,0x45,0x55,0x55,0x55,0x55,
0x55,0x55,0x15,0x55,0x51,0x55,0x55,0x55,0x55,0x51,0x15,0x45,0x54,0x55,0x55,0x55,0x55,0x54,0x55,0x54,0x55,0x55,0x55,0x55,0x56,0x59,0x58,0x45,0x54,0x54,0x55,0x55,
0x55,0xa5,0x15,0x45,0x41,0x55,0x55,0x55,0x55,0x50,0x55,0x50,0x55,0x54,0x55,0x55,0x95,0x59,0x55,0x60,0x5,0x55,0x55,0x55,0x15,0x51,0x55,0x64,0x55,0x55,0x55,0x55,
0x51,0x51,0x59,0x55,0x55,0x51,0x55,0x55,0x69,0x45,0x68,0x65,0x55,0x55,0x55,0x55,0x15,0x55,0x65,0x66,0x5,0x45,0x55,0x55,0x54,0x55,0x54,0x61,0x55,0x55,0x55,0x55,
0x55,0x45,0x65,0x25,0x55,0x55,0x55,0x55,0x55,0x55,0x65,0x55,0x1,0x55,0x55,0x55,0x55,0x55,0x15,0x55,0x55,0x55,0x55,0x55,0x41,0x55,0x15,0x15,0x55,0x54,0x55,0x55,
0x55,0x55,0x50,0x65,0x56,0x55,0x55,0x55,0x55,0x5,0x55,0x59,0x16,0x15,0x55,0x55,0x59,0x15,0x59,0x65,0x15,0x55,0x55,0x55,0x55,0x51,0x56,0x55,0x55,0x55,0x55,0x55,
0x55,0x45,0x56,0x55,0x45,0x54,0x55,0x55,0x95,0x55,0x64,0x51,0x15,0x55,0x54,0x55,0x55,0x55,0x54,0x51,0x56,0x55,0x55,0x55,0x55,0x55,0x65,0x55,0x5,0x55,0x55,0x55,
0x15,0x95,0x51,0x14,0x54,0x55,0x55,0x55,0x62,0x54,0x56,0x55,0x15,0x55,0x55,0x55,0x55,0x85,0x54,0x51,0x44,0x41,0x55,0x55,0x44,0x15,0x55,0x94,0x54,0x51,0x55,0x55,
0x55,0x90,0x55,0x51,0x55,0x45,0x55,0x55,0x14,0x55,0x15,0x54,0x41,0x55,0x55,0x55,0x55,0x55,0x65,0x91,0x15,0x55,0x55,0x55,0x55,0x55,0x55,0x65,0x45,0x55,0x55,0x55,
0x55,0x44,0x90,0x55,0x55,0x54,0x54,0x55,0x55,0x99,0x55,0x65,0x15,0x51,0x55,0x55,0x51,0x14,0x45,0x55,0x55,0x55,0x55,0x55,0x59,0x51,0x51,0x64,0x55,0x55,0x51,0x55,
0x55,0x55,0x95,0x55,0x59,0x55,0x55,0x55,0x95,0x55,0x49,0x55,0x14,0x55,0x55,0x55,0x95,0x45,0x95,0x55,0x55,0x55,0x55,0x55,0x54,0x55,0x95,0x55,0x55,0x54,0x55,0x55,
0x52,0x55,0x45,0x99,0x45,0x55,0x55,0x55,0x55,0x66,0x51,0x65,0x54,0x55,0x55,0x55,0x55,0x55,0x95,0xa5,0x51,0x51,0x55,0x55,0x55,0x15,0x54,0x95,0x15,0x54,0x55,0x55,
0x95,0x45,0x59,0x55,0x15,0x55,0x55,0x55,0x51,0x55,0x55,0x55,0x45,0x44,0x54,0x55,0x52,0x56,0x55,0x51,0x65,0x54,0x55,0x55,0x58,0x55,0x55,0x55,0x55,0x54,0x55,0x55,
0x55,0x91,0x55,0x55,0x55,0x55,0x55,0x55,0x15,0x56,0x85,0x54,0x55,0x54,0x54,0x55,0x15,0x55,0x56,0x41,0x14,0x55,0x55,0x55,0x5,0x15,0x59,0x55,0x54,0x15,0x55,0x55,
0x46,0x5,0x58,0x55,0x55,0x51,0x55,0x55,0xa5,0x55,0x55,0x41,0x55,0x11,0x55,0x55,0x51,0x54,0x15,0x51,0x56,0x51,0x51,0x55,0x55,0x85,0x55,0x51,0x56,0x55,0x55,0x55,
0x55,0x4,0x56,0x44,0x55,0x54,0x55,0x55,0x55,0x59,0x55,0x54,0x55,0x51,0x55,0x55,0x51,0x65,0x55,0x55,0x55,0x55,0x55,0x55,0x55,0x15,0x54,0x4,0x55,0x55,0x55,0x55,
0x55,0x15,0x55,0x85,0x56,0x55,0x55,0x55,0x55,0x55,0x55,0x66,0x56,0x55,0x55,0x55,0x45,0x65,0x1,0x65,0x55,0x55,0x55,0x45,0x55,0x55,0x51,0x52,0x51,0x55,0x55,0x55,
0x15,0x55,0x55,0x11,0x51,0x54,0x55,0x55,0x55,0x51,0x15,0x52,0x56,0x54,0x55,0x55,0x90,0x55,0x5,0x55,0x51,0x55,0x55,0x55,0x15,0x55,0x15,0x56,0x12,0x55,0x55,0x55,
0x5a,0x55,0x15,0x95,0x55,0x55,0x55,0x55,0x65,0x56,0x55,0x55,0x55,0x15,0x55,0x54,0x55,0x54,0x15,0x55,0x55,0x45,0x54,0x55,0x55,0x58,0x55,0x62,0x56,0x15,0x55,0x55,
0x45,0x55,0x55,0x55,0x55,0x51,0x55,0x55,0x55,0x55,0x55,0x55,0x55,0x55,0x55,0x55,0x55,0x55,0x54,0x55,0x51,0x11,0x55,0x55,0x59,0x55,0x50,0x55,0x52,0x55,0x55,0x55,
0x55,0x54,0x55,0xa5,0x56,0x15,0x55,0x55,0x46,0x15,0x55,0x56,0x61,0x51,0x50,0x55,0x56,0x54,0x55,0x96,0x55,0x55,0x55,0x55,0x55,0x55,0x25,0x55,0x65,0x51,0x55,0x55,
0x55,0x55,0x55,0x55,0x65,0x51,0x55,0x55,0x95,0x56,0x15,0x55,0x55,0x55,0x55,0x55,0x55,0x64,0x56,0x16,0x55,0x55,0x55,0x55,0x44,0x15,0x16,0x15,0x51,0x55,0x55,0x55,
0x55,0x58,0x5a,0x5,0x45,0x44,0x55,0x55,0x5,0x55,0x14,0x16,0x41,0x55,0x55,0x55,0x55,0x55,0x65,0x51,0x11,0x41,0x55,0x55,0x65,0x15,0x15,0x45,0x59,0x11,0x55,0x55,
0x55,0x55,0x51,0x15,0x55,0x55,0x55,0x55,0x55,0x55,0x45,0x51,0x59,0x55,0x55,0x55,0x54,0x65,0x55,0x45,0x59,0x55,0x55,0x55,0x51,0x55,0x45,0x51,0x59,0x51,0x55,0x51,
0x54,0x55,0x45,0x45,0x19,0x50,0x55,0x55,0x55,0x55,0x5a,0x14,0x55,0x55,0x55,0x55,0x55,0x55,0x55,0x54,0x55,0x15,0x51,0x55,0x54,0x95,0x65,0x11,0x54,0x15,0x55,0x55,
0x55,0x54,0x50,0x16,0x55,0x54,0x55,0x55,0x55,0x91,0x15,0x55,0x55,0x54,0x55,0x55,0x55,0x59,0x55,0x56,0x4a,0x51,0x55,0x54,0x55,0x55,0x45,0x6,0x59,0x55,0x55,0x55,
0x15,0x55,0x51,0x55,0x55,0x51,0x55,0x55,0x15,0x51,0x51,0x54,0x55,0x55,0x54,0x55,0x15,0x55,0x55,0x55,0x55,0x54,0x55,0x55,0x65,0x55,0x55,0x55,0x44,0x55,0x55,0x55,
0x55,0x45,0x55,0x55,0x55,0x55,0x55,0x55,0x55,0x16,0x55,0x55,0x5a,0x51,0x55,0x55,0x51,0x55,0x44,0x95,0x59,0x51,0x55,0x55,0x55,0x59,0x46,0x85,0x5a,0x15,0x55,0x55,
0x55,0x54,0x46,0x59,0x45,0x55,0x55,0x55,0x55,0x55,0x51,0x54,0x55,0x55,0x55,0x55,0x45,0x55,0x55,0x59,0x55,0x51,0x55,0x55,0x54,0x19,0x15,0x54,0x59,0x54,0x55,0x55,
0x55,0x55,0x55,0x85,0x59,0x50,0x55,0x55,0x49,0x55,0x55,0x55,0x55,0x5,0x55,0x55,0x58,0xa5,0x15,0x54,0x59,0x55,0x54,0x55,0x5,0x55,0x55,0x55,0x59,0x41,0x55,0x55,
0x15,0x55,0x45,0x55,0x45,0x55,0x55,0x55,0x54,0x56,0x54,0x95,0x55,0x55,0x55,0x55,0x55,0x45,0x16,0x55,0x59,0x45,0x54,0x55,0x55,0x45,0x54,0x55,0x55,0x5,0x55,0x55,
0x55,0x55,0x85,0x95,0x5a,0x55,0x55,0x55,0x51,0x55,0x55,0x56,0x55,0x55,0x55,0x55,0x5a,0x45,0x95,0x55,0x59,0x15,0x55,0x55,0x55,0x55,0x95,0x15,0x56,0x55,0x55,0x55,
0x15,0x45,0xa1,0x15,0x56,0x55,0x45,0x55,0x55,0x55,0x65,0x55,0x55,0x55,0x55,0x55,0x55,0x59,0x55,0x59,0x55,0x55,0x55,0x55,0x55,0x59,0x15,0x15,0x55,0x55,0x55,0x55,
0x55,0x51,0x95,0x15,0x45,0x55,0x55,0x55,0x41,0x55,0x55,0x19,0x55,0x45,0x51,0x55,0x54,0x55,0x55,0x58,0x5,0x45,0x55,0x55,0x59,0x56,0x51,0x59,0x44,0x55,0x54,0x55,
0x11,0x51,0x61,0x55,0x5,0x51,0x55,0x55,0x15,0x45,0x59,0x55,0x4,0x55,0x55,0x55,0x95,0x45,0x95,0x55,0x45,0x15,0x55,0x55,0x55,0x55,0x50,0x11,0x54,0x55,0x55,0x55,
0x50,0x45,0x45,0x55,0x50,0x5,0x55,0x55,0x55,0x15,0x45,0x55,0x55,0x51,0x55,0x55,0x65,0x55,0x54,0x45,0x50,0x55,0x55,0x55,0x59,0x55,0x64,0x55,0x65,0x55,0x51,0x55,
0x56,0x95,0x5,0x55,0x55,0x51,0x54,0x55,0x96,0x54,0x14,0x9,0x65,0x55,0x51,0x55,0x55,0x55,0x59,0x45,0x54,0x55,0x45,0x55,0x51,0x55,0x90,0x55,0x55,0x55,0x54,0x55,
0x14,0x54,0x55,0x55,0x54,0x55,0x55,0x55,0x55,0x96,0x55,0x55,0x64,0x55,0x55,0x55,0x55,0x65,0x96,0x45,0x65,0x15,0x54,0x55,0x5,0x45,0x55,0x55,0x15,0x51,0x51,0x55,
0x55,0x9,0x45,0x59,0x55,0x45,0x55,0x55,0x55,0x55,0x45,0x54,0x24,0x45,0x54,0x55,0x90,0x19,0x55,0x14,0x59,0x55,0x55,0x55,0x55,0x55,0x51,0x55,0x65,0x55,0x55,0x55,
0x55,0x59,0x55,0x55,0x65,0x15,0x55,0x55,0x55,0x15,0x55,0x59,0x15,0x56,0x55,0x55,0x95,0x45,0x55,0x55,0x55,0x4,0x55,0x55,0x65,0x55,0x56,0x25,0x65,0x55,0x55,0x55,
0x95,0x54,0x55,0x64,0x61,0x45,0x55,0x55,0x55,0x51,0x55,0x15,0x55,0x55,0x55,0x55,0x54,0x15,0x55,0x55,0x15,0x55,0x51,0x55,0x25,0x55,0x51,0x15,0x65,0x55,0x51,0x55,
0x45,0x55,0x45,0x50,0x56,0x15,0x55,0x55,0x55,0x58,0x55,0x65,0x55,0x55,0x55,0x55,0x55,0x65,0x59,0x61,0x1a,0x55,0x55,0x55,0x15,0x15,0x55,0x55,0x25,0x55,0x55,0x55,
0x55,0x65,0x55,0x65,0x69,0x55,0x55,0x54,0x15,0x65,0x55,0x55,0x59,0x11,0x55,0x55,0x54,0x19,0x45,0x55,0x66,0x55,0x45,0x55,0x45,0x95,0x55,0x55,0x56,0x11,0x51,0x55,
0x55,0x55,0x54,0x65,0x15,0x45,0x45,0x55,0x51,0x45,0x59,0x54,0x65,0x45,0x55,0x55,0x15,0x55,0x55,0x55,0x66,0x51,0x55,0x55,0x56,0x54,0x59,0x55,0x25,0x41,0x55,0x55,
0x55,0x55,0x15,0x51,0x25,0x55,0x55,0x55,0x54,0x55,0x55,0x54,0x65,0x56,0x55,0x54,0x55,0x55,0x55,0x55,0x25,0x45,0x55,0x55,0x54,0x56,0x55,0x51,0x25,0x55,0x55,0x55,
0x55,0x59,0x49,0x55,0x55,0x15,0x55,0x55,0x55,0x55,0x1,0x55,0x16,0x15,0x51,0x55,0x85,0x59,0x5,0x65,0x25,0x55,0x55,0x55,0x55,0x55,0x55,0x55,0x55,0x15,0x55,0x55,
0x55,0x55,0x55,0x56,0x54,0x55,0x55,0x55,0x51,0x50,0x55,0x56,0x58,0x51,0x54,0x55,0x55,0x15,0x55,0x55,0x15,0x56,0x55,0x55,0x15,0x45,0x45,0x65,0x14,0x55,0x55,0x55,
0x15,0x65,0x55,0x56,0x15,0x55,0x55,0x55,0x55,0x55,0x59,0x55,0x59,0x55,0x55,0x55,0x55,0x55,0x59,0x61,0x55,0x45,0x55,0x55,0x55,0x95,0x54,0x51,0x10,0x55,0x54,0x55,
0x55,0x59,0x55,0x55,0x55,0x55,0x54,0x55,0x55,0x45,0x95,0x65,0x50,0x55,0x55,0x55,0x55,0x19,0x55,0x55,0x55,0x55,0x55,0x55,0x55,0x95,0x54,0x15,0x11,0x55,0x51,0x55,
0x51,0x55,0x50,0x65,0x51,0x15,0x55,0x55,0x15,0x88,0x55,0x54,0x51,0x55,0x54,0x55,0x55,0x94,0x45,0x66,0x11,0x15,0x55,0x55,0x55,0x45,0x55,0x55,0x10,0x51,0x55,0x55,
0x45,0x55,0x55,0x45,0x14,0x5,0x55,0x55,0x4a,0x15,0x95,0x55,0x55,0x54,0x50,0x55,0x51,0x41,0x95,0x56,0x50,0x45,0x55,0x55,0x44,0x54,0x45,0x56,0x91,0x45,0x55,0x55,
0x94,0x15,0x11,0x56,0x81,0x54,0x55,0x55,0x59,0x54,0x41,0x55,0x51,0x55,0x55,0x55,0x11,0x25,0x95,0x54,0x55,0x15,0x51,0x55,0x15,0x45,0x55,0x44,0x94,0x55,0x55,0x55,
0x25,0x51,0x46,0x45,0x94,0x44,0x55,0x55,0x51,0x64,0x95,0x54,0x95,0x55,0x55,0x55,0x55,0x15,0x56,0x54,0x94,0x15,0x55,0x55,0x51,0x55,0x65,0x55,0x51,0x45,0x55,0x55,
0x55,0x55,0x61,0x55,0x55,0x55,0x55,0x55,0x45,0x95,0xa5,0x56,0x81,0x15,0x55,0x55,0x59,0x56,0x55,0x5,0x85,0x55,0x45,0x55,0x45,0x55,0x54,0x15,0x85,0x5,0x54,0x55,
0x55,0x55,0x5,0x45,0x54,0x55,0x55,0x55,0x56,0x55,0x19,0x65,0x91,0x55,0x55,0x55,0x55,0x55,0x55,0x65,0x81,0x51,0x55,0x55,0x55,0x45,0x45,0x66,0x80,0x14,0x55,0x55,
0x95,0x24,0x55,0x65,0x95,0x55,0x55,0x55,0x55,0x55,0x54,0x55,0x55,0x45,0x55,0x55,0x55,0x56,0x55,0x54,0xa1,0x45,0x15,0x55,0x52,0x65,0x55,0x15,0xa4,0x55,0x55,0x55,
0x60,0x55,0x15,0x65,0xa1,0x55,0x55,0x55,0x55,0x94,0x55,0x54,0x59,0x15,0x55,0x55,0x54,0x55,0x54,0x54,0x59,0x54,0x55,0x55,0x55,0x15,0x55,0x51,0x65,0x55,0x45,0x55,
0x45,0x55,0x54,0x55,0x55,0x55,0x50,0x55,0x55,0x55,0x59,0x54,0x55,0x45,0x51,0x55,0x55,0x51,0x55,0x50,0x55,0x55,0x45,0x55,0x55,0x55,0x95,0x85,0x45,0x54,0x54,0x55,
0x56,0x55,0x95,0x54,0x55,0x54,0x51,0x55,0x56,0x59,0x55,0x94,0x55,0x15,0x55,0x55,0x59,0x55,0x45,0x50,0x95,0x55,0x55,0x55,0x55,0x59,0x15,0x95,0x65,0x55,0x54,0x55,
0x51,0x15,0x45,0x55,0x55,0x55,0x55,0x55,0x65,0x91,0x55,0x51,0x95,0x19,0x55,0x55,0x54,0x64,0x55,0x95,0x95,0x55,0x55,0x55,0x55,0x55,0x15,0x51,0x65,0x15,0x55,0x55,
0x54,0x15,0x15,0x85,0x55,0x48,0x55,0x55,0x55,0x54,0x55,0x55,0xa5,0x54,0x50,0x55,0x55,0x6,0x55,0x51,0x95,0x9,0x55,0x55,0x55,0x55,0x55,0x55,0x55,0x55,0x55,0x55,
0x55,0x15,0x55,0x95,0x68,0x55,0x55,0x55,0x15,0x55,0x54,0x55,0x55,0x55,0x55,0x55,0x55,0x45,0x55,0x51,0x55,0x5,0x54,0x55,0x55,0x45,0x52,0x45,0x55,0x59,0x15,0x55,
0x45,0x55,0x55,0x51,0x95,0x15,0x54,0x55,0x51,0x54,0x65,0x55,0x59,0x55,0x55,0x55,0x55,0x56,0x65,0x55,0x59,0x54,0x51,0x55,0x55,0x15,0x65,0x51,0x95,0x55,0x55,0x55,
0x11,0x54,0x15,0x95,0x55,0x15,0x45,0x54,0x55,0x56,0x65,0x55,0x59,0x54,0x55,0x55,0x55,0x55,0x5,0x55,0x95,0x55,0x55,0x55,0x55,0x51,0x55,0x45,0x55,0x14,0x55,0x55,
0x15,0x45,0x15,0x55,0x95,0x55,0x51,0x55,0x15,0x55,0x65,0x55,0xa5,0x55,0x55,0x55,0x94,0x65,0x55,0x61,0x55,0x55,0x55,0x55,0x55,0x55,0x5,0x59,0x55,0x14,0x55,0x55,
0x55,0x56,0x55,0x95,0x55,0x54,0x55,0x55,0x55,0x64,0x55,0x94,0x95,0x55,0x51,0x55,0x54,0x51,0x55,0x59,0x55,0x45,0x55,0x55,0x85,0x14,0x55,0x55,0x55,0x55,0x55,0x55,
0x55,0x15,0x55,0x55,0x51,0x54,0x55,0x55,0x14,0x95,0x55,0x59,0x55,0x14,0x54,0x55,0x11,0x95,0x14,0x59,0x95,0x11,0x55,0x55,0x55,0x54,0x15,0x59,0x51,0x55,0x51,0x55,
0x55,0x45,0x54,0x56,0x65,0x54,0x54,0x55,0x51,0x64,0x55,0x52,0x51,0x15,0x55,0x55,0x65,0x56,0x55,0x51,0x51,0x55,0x54,0x55,0x55,0x92,0x12,0x55,0x61,0x55,0x55,0x55,
0x55,0x91,0x55,0x55,0x45,0x55,0x45,0x55,0x99,0x55,0x95,0x85,0x45,0x44,0x55,0x55,0x42,0x55,0x54,0x55,0x41,0x55,0x15,0x55,0x4,0x5,0x95,0x95,0x45,0x45,0x11,0x55,
0x65,0x65,0x95,0x95,0x55,0x55,0x15,0x55,0x11,0x54,0x51,0x45,0x51,0x14,0x55,0x55,0x55,0x52,0x95,0x95,0x40,0x55,0x50,0x55,0x55,0x55,0x85,0x95,0x41,0x54,0x45,0x55,
0x65,0x65,0x55,0x52,0x55,0x54,0x55,0x55,0x51,0x55,0x55,0x95,0x51,0x55,0x54,0x55,0x55,0x55,0x16,0x95,0x54,0x55,0x50,0x55,0x55,0x55,0x55,0x55,0x44,0x54,0x50,0x55,
0x59,0x55,0x95,0x55,0x45,0x51,0x45,0x55,0x55,0x55,0x54,0x55,0x45,0x54,0x51,0x55,0x55,0x41,0x55,0x45,0x55,0x0,0x55,0x55,0x64,0x59,0x11,0x5a,0x54,0x51,0x54,0x55,
0x56,0x55,0x15,0x18,0x44,0x16,0x54,0x55,0x56,0x55,0x54,0x19,0x55,0x56,0x54,0x55,0x55,0x56,0x15,0x54,0x51,0x55,0x45,0x55,0x60,0x55,0x55,0x45,0x40,0x15,0x55,0x55,
0x52,0x95,0x45,0x52,0x44,0x51,0x45,0x55,0x55,0x96,0x51,0x16,0x51,0x51,0x55,0x55,0x45,0x55,0x59,0x55,0x10,0x55,0x55,0x51,0x55,0x45,0x55,0x51,0x55,0x55,0x54,0x55,
0x45,0x51,0x54,0x56,0x11,0x56,0x51,0x55,0x25,0x50,0x55,0x55,0x55,0x16,0x55,0x55,0x55,0x51,0x55,0x55,0x51,0x56,0x45,0x55,0x55,0x55,0x95,0x55,0x55,0x52,0x55,0x55,
0x55,0x52,0x55,0x55,0x40,0x55,0x55,0x55,0x95,0x56,0x95,0x5a,0x55,0x55,0x55,0x55,0x55,0x55,0x44,0x9a,0x15,0x11,0x55,0x55,0x65,0x55,0x55,0x56,0x51,0x11,0x54,0x54,
0x55,0x45,0x51,0x55,0x55,0x55,0x51,0x55,0x52,0x65,0x19,0x55,0x54,0x55,0x55,0x54,0x41,0x55,0x55,0x15,0x10,0x56,0x55,0x55,0x91,0x55,0x1a,0x55,0x45,0x56,0x45,0x55,
0x56,0x15,0x55,0x54,0x41,0x56,0x55,0x55,0x4,0x60,0x65,0x54,0x1,0x56,0x15,0x55,0x55,0xa5,0x55,0x85,0x55,0x25,0x55,0x55,0x56,0x85,0x50,0x58,0x55,0x45,0x55,0x55,
0x54,0x51,0x61,0x59,0x55,0x55,0x55,0x55,0x51,0x56,0x55,0x51,0x45,0x65,0x51,0x51,0x51,0x59,0x55,0x54,0x45,0x55,0x54,0x55,0x5a,0x61,0x55,0x41,0x45,0x56,0x55,0x55,
0x45,0x15,0x55,0x95,0x91,0x15,0x40,0x55,0x96,0x55,0x55,0x45,0x55,0x16,0x55,0x55,0x55,0x55,0x51,0x95,0x51,0x56,0x55,0x55,0x55,0x55,0x51,0x41,0x15,0x55,0x55,0x55,
0x55,0x51,0x55,0x95,0x65,0x51,0x15,0x55,0x45,0x15,0x61,0x1,0x55,0x55,0x55,0x55,0x55,0x55,0x55,0x45,0x55,0x55,0x54,0x55,0x55,0x51,0x14,0x41,0x51,0x11,0x55,0x55,
0x55,0x55,0x55,0x56,0x51,0x51,0x45,0x55,0x55,0x45,0x55,0x55,0x11,0x16,0x55,0x55,0x54,0x51,0x55,0x5,0x21,0x12,0x55,0x55,0x54,0x59,0x41,0x45,0x65,0x56,0x55,0x55,
0x55,0x15,0x15,0x51,0x95,0x56,0x55,0x55,0x45,0x99,0x14,0x54,0x66,0x56,0x5,0x55,0x59,0x65,0x55,0x55,0x55,0x52,0x55,0x55,0x64,0x51,0x11,0x15,0x95,0x16,0x55,0x51,
0x45,0x65,0x54,0x55,0x55,0x55,0x44,0x55,0x92,0x94,0x55,0x55,0x96,0x56,0x55,0x55,0x5,0x55,0x55,0x55,0x52,0x55,0x55,0x55,0x55,0x55,0x55,0x11,0x52,0x56,0x54,0x55,
0x55,0x59,0x54,0x15,0x66,0x56,0x51,0x55,0xa5,0x55,0x55,0x55,0x55,0x51,0x54,0x55,0x55,0x95,0x55,0x55,0x55,0x55,0x55,0x55,0x55,0x45,0x55,0x14,0x95,0x55,0x54,0x55,
0x95,0x19,0x55,0x55,0x55,0x55,0x11,0x55,0x45,0x51,0x95,0x55,0x65,0x42,0x55,0x55,0x55,0x15,0x55,0x55,0x65,0x51,0x45,0x55,0x51,0x55,0x55,0x55,0x55,0x62,0x54,0x55,
0x59,0x54,0x46,0x55,0x51,0x55,0x55,0x55,0x95,0x55,0x45,0x55,0x56,0x56,0x44,0x54,0x56,0x55,0x45,0x5,0x55,0x15,0x55,0x55,0x55,0x15,0x55,0x55,0x55,0x51,0x45,0x55,
0x11,0x55,0x55,0x15,0x55,0x55,0x51,0x45,0x65,0x45,0x55,0x55,0x55,0x52,0x55,0x55,0x55,0x69,0x94,0x15,0x55,0x56,0x54,0x55,0x56,0x5a,0x55,0x5,0x55,0x66,0x41,0x55,
0x65,0x44,0x55,0x45,0x65,0x56,0x51,0x55,0x59,0x55,0x55,0x15,0x56,0x16,0x45,0x55,0x56,0x54,0x94,0x55,0x55,0x16,0x55,0x55,0x81,0x15,0x15,0x55,0x55,0x51,0x10,0x55,
0x59,0x55,0x55,0x55,0x55,0x55,0x55,0x55,0x18,0x55,0x55,0x54,0x55,0x56,0x45,0x55,0x55,0x45,0x55,0x14,0x55,0x56,0x55,0x55,0x11,0x55,0x55,0x5,0x95,0x55,0x41,0x55,
0x54,0x55,0x55,0x41,0x56,0x55,0x55,0x55,0x59,0x55,0x15,0x85,0x55,0x56,0x55,0x55,0x56,0x55,0x55,0x55,0x55,0x56,0x50,0x55,0x55,0x5a,0x51,0x51,0x55,0x55,0x41,0x51,
0x54,0x59,0x55,0x55,0x55,0x46,0x51,0x55,0x55,0x55,0x55,0x65,0x55,0x46,0x55,0x55,0x55,0x45,0x55,0x65,0x95,0x51,0x55,0x55,0x55,0x51,0x54,0x69,0x55,0x51,0x54,0x55,
0x55,0x55,0x55,0xa5,0x55,0x55,0x55,0x55,0x65,0x58,0x55,0x55,0x96,0x55,0x55,0x55,0x51,0x50,0x55,0x65,0x45,0x51,0x41,0x55,0x66,0x45,0x65,0x95,0x56,0x51,0x55,0x55,
0x55,0x55,0x25,0x55,0x56,0x45,0x55,0x55,0x54,0x55,0x51,0x69,0x56,0x15,0x50,0x55,0x55,0x54,0x55,0x55,0x45,0x41,0x55,0x55,0x55,0x55,0x55,0x24,0x46,0x15,0x55,0x54,
0x91,0x65,0x55,0x44,0x55,0x55,0x55,0x54,0x61,0x59,0x56,0x55,0x56,0x15,0x45,0x55,0x55,0x95,0x59,0x14,0x56,0x15,0x54,0x55,0x51,0x55,0x55,0x54,0x51,0x51,0x51,0x55,
0x52,0x55,0x56,0x45,0x15,0x56,0x55,0x55,0x50,0x95,0x5a,0x45,0x15,0x51,0x55,0x55,0x15,0x15,0x55,0x55,0x6,0x55,0x51,0x55,0x55,0x56,0x55,0x56,0x46,0x55,0x51,0x55,
0x15,0x55,0x55,0x1a,0x55,0x55,0x51,0x55,0x95,0x95,0x55,0x66,0x45,0x55,0x51,0x51,0x65,0x15,0x54,0x26,0x15,0x55,0x51,0x55,0x45,0x55,0x49,0x55,0x15,0x51,0x51,0x51,
0x54,0x15,0x45,0x65,0x55,0x55,0x55,0x55,0x56,0x55,0x11,0x45,0x15,0x11,0x55,0x55,0x55,0x55,0x59,0x45,0x52,0x51,0x55,0x55,0x45,0x41,0x55,0x45,0x15,0x45,0x55,0x55,
0x44,0x45,0x58,0x55,0x56,0x51,0x55,0x55,0x19,0x55,0x59,0x55,0x6,0x11,0x45,0x54,0x5,0x45,0x55,0x55,0x46,0x51,0x40,0x54,0x55,0x55,0x55,0x5,0x55,0x41,0x45,0x55,
0x55,0x50,0x55,0x15,0x15,0x51,0x55,0x55,0x55,0x51,0x51,0x25,0x5,0x51,0x55,0x55,0x95,0x55,0x56,0x55,0x15,0x51,0x45,0x55,0x55,0x55,0x58,0x69,0x5,0x51,0x55,0x45,
0x55,0x65,0x54,0x15,0x51,0x5,0x55,0x55,0x11,0x64,0x55,0x59,0x51,0x49,0x15,0x55,0x59,0x55,0x56,0x50,0x55,0x55,0x54,0x55,0x55,0x55,0x45,0x65,0x55,0x19,0x55,0x55,
0x51,0x99,0x45,0x55,0x45,0x45,0x14,0x55,0x42,0x89,0x15,0x55,0x55,0x55,0x55,0x55,0x55,0x51,0x55,0x51,0x51,0x95,0x55,0x54,0x15,0x16,0x45,0x14,0x55,0x55,0x55,0x55,
0x55,0x59,0x46,0x55,0x15,0x19,0x55,0x55,0x55,0x55,0x55,0x55,0x54,0x59,0x51,0x55,0x55,0x45,0x55,0x59,0x5,0x55,0x54,0x55,0x45,0x55,0x25,0x5a,0x55,0x49,0x55,0x55,
0x15,0x95,0x21,0x55,0x15,0x5,0x55,0x55,0x55,0x51,0x55,0x55,0x2,0x55,0x45,0x55,0x51,0x55,0x14,0x55,0x11,0x59,0x50,0x55,0x69,0x65,0x55,0x56,0x41,0x45,0x51,0x55,
0x15,0x55,0x14,0x55,0x51,0x59,0x55,0x55,0x55,0x45,0x15,0x55,0x56,0x59,0x45,0x45,0x46,0x55,0x14,0x59,0x55,0x49,0x54,0x51,0x95,0x55,0x55,0x59,0x15,0x55,0x55,0x55,
0x95,0x55,0x1,0x59,0x15,0x54,0x55,0x55,0x55,0x61,0x55,0x59,0x54,0x55,0x41,0x55,0x54,0x59,0x64,0x59,0x15,0x59,0x51,0x55,0x5a,0x54,0x94,0x54,0x15,0x45,0x15,0x55,
0x55,0x55,0x61,0x51,0x11,0x19,0x44,0x55,0x51,0x55,0x55,0x55,0x15,0x55,0x55,0x55,0x54,0x55,0x55,0x65,0x15,0x44,0x45,0x55,0x1,0x41,0x55,0x55,0x56,0x55,0x45,0x55,
0x99,0x45,0x59,0x55,0x45,0x59,0x15,0x55,0x55,0x45,0x95,0x55,0x56,0x49,0x55,0x55,0x90,0x55,0x56,0x55,0x16,0x54,0x55,0x54,0x54,0x65,0x56,0x55,0x56,0x59,0x15,0x55,
0x65,0x44,0x46,0x55,0x15,0x45,0x55,0x55,0x59,0x55,0x85,0x55,0x15,0x49,0x14,0x55,0x95,0x55,0x45,0x55,0x55,0x59,0x45,0x55,0x45,0x55,0x59,0x15,0x15,0x55,0x44,0x55,
0x15,0x50,0x46,0x50,0x45,0x56,0x54,0x55,0x55,0x54,0x45,0x55,0x15,0x55,0x15,0x55,0x95,0x55,0x55,0x5,0x15,0x5a,0x55,0x55,0x45,0x56,0x59,0x41,0x9,0x16,0x54,0x54,
0x55,0x52,0x59,0x55,0x45,0x55,0x15,0x55,0x51,0x44,0x56,0x15,0x59,0x58,0x55,0x55,0x15,0x55,0x45,0x45,0x55,0x55,0x45,0x55,0x55,0x58,0x44,0x5,0x55,0x54,0x45,0x55,
0x65,0x55,0x55,0x45,0x95,0x45,0x55,0x54,0x94,0x55,0x94,0x45,0x99,0x59,0x55,0x55,0x55,0x55,0x91,0x45,0x45,0x55,0x45,0x55,0x55,0x55,0x45,0x15,0x49,0x59,0x11,0x15,
0x45,0x55,0x55,0x5,0x54,0x55,0x55,0x55,0x59,0x55,0x55,0x45,0x59,0x59,0x51,0x55,0x51,0x1,0x55,0x55,0x84,0x55,0x55,0x55,0x54,0x65,0x55,0x45,0x59,0x48,0x54,0x55,
0x55,0x55,0x55,0x55,0x59,0x59,0x44,0x55,0x65,0x65,0x55,0x15,0x55,0x48,0x55,0x55,0x55,0x55,0x55,0x55,0x94,0x55,0x50,0x55,0x55,0x55,0x55,0x55,0x55,0x59,0x55,0x45,
0x19,0x65,0x55,0x55,0x59,0x56,0x41,0x55,0x59,0x55,0x56,0x55,0x54,0x45,0x41,0x55,0x56,0x54,0x52,0x55,0x54,0x59,0x15,0x51,0x55,0x55,0x56,0x45,0x55,0x46,0x55,0x55,
0x55,0x55,0x51,0x15,0x54,0x5a,0x55,0x55,0x15,0x51,0x15,0x55,0x95,0x55,0x55,0x54,0x56,0x55,0x66,0x55,0x54,0x55,0x55,0x55,0x11,0x15,0x56,0x55,0x59,0x16,0x40,0x55,
0x54,0x45,0x15,0x55,0x58,0x55,0x55,0x45,0x65,0x65,0x55,0x45,0x59,0x49,0x55,0x15,0x54,0x55,0x55,0x96,0x54,0x59,0x51,0x55,0x55,0x55,0x55,0x51,0x59,0x59,0x55,0x55,
0x55,0x55,0x41,0x55,0x45,0x49,0x55,0x55,0x54,0x45,0x58,0x52,0x95,0x55,0x45,0x55,0x51,0x55,0x58,0x55,0x95,0x49,0x55,0x55,0x55,0x59,0x59,0x55,0x54,0x55,0x54,0x51,
0x96,0x55,0x55,0x51,0x45,0x59,0x55,0x55,0x51,0x45,0x59,0x11,0x58,0x59,0x55,0x54,0x54,0x55,0x55,0x95,0x59,0x4a,0x51,0x55,0x59,0x55,0x55,0x55,0x54,0x55,0x45,0x55,
0x25,0x55,0x55,0x55,0x59,0x49,0x50,0x55,0x55,0x55,0x69,0x55,0x55,0x5a,0x55,0x55,0x59,0x55,0x19,0x55,0x55,0x49,0x51,0x55,0x55,0x55,0x55,0x55,0x55,0x55,0x51,0x55,
0x55,0x55,0x1,0x15,0x58,0x55,0x55,0x55,0x56,0x95,0x15,0x15,0x55,0x59,0x55,0x54,0x59,0x58,0x55,0x52,0x45,0x55,0x55,0x55,0x55,0x55,0x55,0x15,0x94,0x59,0x45,0x55,
0x51,0x51,0x95,0x15,0x55,0x59,0x54,0x55,0x55,0x55,0x55,0x55,0x55,0x55,0x55,0x51,0x54,0x55,0x91,0x55,0x59,0x95,0x45,0x55,0x55,0x61,0x55,0x15,0x55,0x4a,0x55,0x55,
0x65,0x55,0x55,0x55,0x85,0x55,0x54,0x51,0x51,0x51,0x51,0x56,0x55,0x59,0x55,0x54,0x55,0x56,0x55,0x11,0x59,0x59,0x55,0x50,0x54,0x55,0x55,0x44,0x95,0x55,0x51,0x55,
0x54,0x55,0x54,0x54,0x55,0x45,0x41,0x55,0x55,0x54,0x66,0x45,0x45,0x59,0x45,0x45,0x55,0x55,0x56,0x55,0x55,0x59,0x55,0x55,0x99,0x55,0x65,0x45,0x54,0x45,0x45,0x55,
0x45,0x55,0x55,0x55,0x55,0x59,0x40,0x55,0x61,0x55,0x56,0x56,0x54,0x55,0x45,0x45,0x51,0x55,0x54,0x46,0x55,0x45,0x51,0x55,0x55,0x56,0x55,0x15,0x99,0x56,0x15,0x55,
0x48,0x55,0x96,0x94,0x55,0x59,0x55,0x55,0x55,0x64,0x55,0x55,0x55,0x59,0x5,0x51,0x51,0x55,0x85,0x94,0x55,0x55,0x54,0x55,0x51,0x64,0x59,0x45,0x55,0x59,0x55,0x55,
0x65,0x55,0x55,0x55,0x55,0x49,0x15,0x55,0x51,0x54,0x55,0x55,0x55,0x15,0x15,0x55,0x56,0x45,0x51,0x55,0x55,0x55,0x15,0x55,0x49,0x55,0x55,0x91,0x19,0x46,0x14,0x55,
0x45,0x45,0x55,0x95,0x15,0x55,0x55,0x55,0x55,0x11,0x55,0xa5,0x15,0x85,0x55,0x54,0x55,0x55,0x55,0x95,0x55,0x45,0x41,0x51,0x51,0x55,0x55,0x65,0x55,0x45,0x55,0x55,
0x55,0x15,0x59,0x91,0x15,0x55,0x15,0x55,0x15,0x54,0x45,0x51,0x19,0x55,0x55,0x55,0x55,0x55,0x55,0x51,0x15,0x45,0x55,0x44,0x49,0x55,0x51,0x65,0x56,0x45,0x55,0x51,
0x95,0x54,0x91,0x55,0x55,0x56,0x55,0x55,0x91,0x55,0x49,0x90,0x59,0x55,0x55,0x54,0x55,0x95,0x15,0x51,0x55,0x45,0x55,0x55,0x55,0x51,0x49,0x65,0x55,0x56,0x11,0x55,
0x45,0x65,0x55,0x55,0x59,0x56,0x55,0x55,0x55,0x54,0x65,0x65,0x59,0x15,0x15,0x55,0x55,0x55,0x65,0x15,0x15,0x56,0x44,0x55,0x55,0x65,0x55,0x51,0x59,0x45,0x55,0x55,
0x11,0x19,0x55,0x59,0x55,0x54,0x55,0x55,0x19,0x10,0x55,0x19,0x19,0x54,0x15,0x11,0x65,0x59,0x55,0x55,0x14,0x55,0x41,0x55,0x54,0x95,0x54,0x16,0x15,0x54,0x55,0x55,
0x54,0x89,0x55,0x59,0x55,0x54,0x55,0x55,0x55,0x41,0x51,0x65,0x59,0x15,0x45,0x55,0x15,0x56,0x55,0x55,0x55,0x95,0x55,0x45,0x54,0x55,0x56,0x55,0x58,0x55,0x55,0x55,
0x54,0x85,0x45,0x59,0x15,0x54,0x55,0x55,0x45,0x41,0x55,0x59,0x19,0x54,0x55,0x55,0x45,0x15,0x25,0x15,0x59,0x45,0x55,0x55,0x55,0x55,0x15,0x59,0x19,0x55,0x55,0x54,
0x19,0x55,0x55,0x55,0x59,0x55,0x55,0x54,0x55,0x66,0x55,0x55,0x15,0x55,0x45,0x55,0x55,0x51,0x66,0x58,0x54,0x45,0x55,0x54,0x15,0x4a,0x55,0x25,0x59,0x55,0x45,0x51,
0x15,0x46,0x55,0x95,0x15,0x55,0x55,0x55,0x54,0x15,0x64,0x95,0x55,0x14,0x55,0x55,0x54,0x55,0x55,0x21,0x15,0x45,0x5,0x55,0x55,0x54,0x55,0x65,0x19,0x55,0x51,0x55,
0x55,0x55,0x55,0x51,0x55,0x45,0x55,0x55,0x55,0x55,0x55,0x65,0x15,0x44,0x1,0x15,0x55,0x55,0x45,0x55,0x54,0x44,0x55,0x55,0x55,0x44,0x59,0x55,0x55,0x44,0x55,0x55,
0x55,0x92,0x59,0xa5,0x55,0x45,0x45,0x55,0x65,0x55,0x51,0xa9,0x55,0x55,0x55,0x54,0x41,0x84,0x55,0x95,0x54,0x44,0x15,0x55,0x55,0x45,0x51,0x95,0x45,0x55,0x51,0x55,
0x55,0x95,0x11,0x55,0x55,0x55,0x55,0x55,0x54,0x15,0x45,0x95,0x55,0x54,0x51,0x55,0x55,0x55,0x58,0x44,0x11,0x54,0x55,0x55,0x86,0x11,0x55,0x91,0x15,0x54,0x45,0x55,
0x55,0x55,0x15,0x55,0x45,0x15,0x55,0x55,0x94,0x45,0x55,0x14,0x55,0x54,0x55,0x55,0x54,0x51,0x55,0x50,0x55,0x54,0x45,0x50,0x62,0x56,0x56,0x45,0x51,0x55,0x55,0x51,
0x55,0x58,0x59,0x55,0x15,0x55,0x55,0x55,0x55,0x55,0x15,0x51,0x55,0x54,0x51,0x55,0x55,0x15,0x55,0x54,0x55,0x55,0x51,0x55,0x58,0x55,0x95,0x15,0x15,0x65,0x56,0x54,
0x55,0x55,0x95,0x15,0x51,0x14,0x55,0x55,0x66,0x54,0x55,0x55,0x55,0x64,0x45,0x55,0x51,0x95,0x96,0x59,0x11,0x14,0x55,0x5,0x55,0x45,0x56,0x65,0x15,0x54,0x55,0x55,
0x55,0x55,0x85,0x59,0x45,0x60,0x5,0x55,0x46,0x55,0x94,0x54,0x55,0x54,0x55,0x41,0x59,0x55,0x51,0x55,0x55,0x64,0x55,0x55,0x65,0x96,0x54,0x55,0x59,0x14,0x54,0x55,
0x55,0x54,0x45,0x55,0x5,0x65,0x55,0x55,0x45,0x65,0x55,0x54,0x19,0x64,0x55,0x55,0x55,0x11,0x50,0x54,0x9,0x61,0x55,0x55,0x10,0x55,0x55,0x65,0x55,0x55,0x15,0x55,
0x51,0x55,0x55,0x98,0x19,0x15,0x55,0x54,0x16,0x49,0x15,0x69,0x49,0x51,0x55,0x51,0xaa,0x5a,0x55,0x51,0x55,0x64,0x56,0x55,0x55,0x45,0x15,0x65,0x51,0x15,0x55,0x55,
0x55,0x55,0x95,0x65,0x45,0x55,0x41,0x54,0x55,0x51,0x51,0x55,0x55,0x54,0x55,0x54,0x55,0x45,0x11,0x95,0x55,0x64,0x55,0x55,0x49,0x55,0x55,0x51,0x55,0x61,0x45,0x55,
0x15,0x55,0x45,0x55,0x55,0x64,0x55,0x55,0x55,0x55,0x55,0x56,0x15,0x65,0x15,0x55,0x55,0x55,0x55,0x55,0x45,0x21,0x55,0x55,0x11,0x59,0x56,0x55,0x55,0x55,0x5,0x55,
0x20,0x56,0x51,0x51,0x59,0x55,0x55,0x51,0x55,0x5a,0x55,0x51,0x59,0x51,0x55,0x54,0x59,0x45,0x42,0x55,0x59,0x55,0x55,0x45,0x55,0x56,0x55,0x45,0x15,0x65,0x51,0x55,
0x95,0x50,0x5a,0x55,0x15,0x54,0x55,0x55,0x16,0x55,0x55,0x45,0x5,0x65,0x55,0x45,0x55,0x85,0x9,0x55,0x55,0x54,0x55,0x55,0x59,0x55,0x25,0x96,0x55,0x61,0x51,0x54,
0x55,0x55,0x55,0x50,0x59,0x55,0x55,0x55,0x15,0x55,0x15,0x15,0x55,0x65,0x45,0x45,0x44,0x52,0x69,0x45,0x64,0x65,0x51,0x55,0x25,0x51,0x65,0x54,0x55,0x59,0x54,0x55,
0x55,0x55,0x55,0x5,0x55,0x14,0x55,0x51,0x55,0x11,0x52,0x15,0x55,0x25,0x51,0x15,0x55,0x15,0x55,0x41,0x55,0x65,0x15,0x55,0x45,0x55,0x51,0x45,0x59,0x5a,0x15,0x54,
0x65,0x55,0x51,0x5,0x25,0x55,0x55,0x55,0x51,0x55,0x64,0x55,0x19,0x65,0x55,0x55,0x55,0x59,0x15,0x55,0x55,0x65,0x55,0x55,0x55,0x54,0x59,0x45,0x55,0x55,0x55,0x55,
0x55,0x55,0x55,0x55,0x59,0x66,0x15,0x45,0x55,0x51,0x51,0x55,0x65,0x55,0x45,0x50,0x5,0x15,0x15,0x56,0x51,0x56,0x45,0x55,0x65,0x56,0x15,0x15,0x24,0x55,0x15,0x51,
0xa,0x54,0x54,0x65,0x15,0x66,0x12,0x55,0x91,0x54,0x11,0x56,0x11,0x55,0x51,0x55,0x1,0x55,0x55,0x55,0x65,0x15,0x55,0x51,0x15,0x55,0x55,0x66,0x55,0x65,0x45,0x54,
0x55,0x55,0x55,0x56,0x64,0x65,0x56,0x55,0x55,0x1,0x51,0x15,0x24,0x65,0x15,0x55,0x51,0x51,0x54,0x55,0x65,0x61,0x55,0x55,0x55,0x55,0x55,0x15,0x55,0x55,0x45,0x55,
0x54,0x55,0x55,0x55,0x65,0x62,0x55,0x55,0x15,0x55,0x55,0x55,0x54,0x55,0x11,0x55,0x51,0x54,0x16,0x55,0x50,0x21,0x55,0x55,0x55,0x55,0x54,0x55,0x51,0x25,0x11,0x55,
0x55,0x95,0x55,0x50,0x20,0x65,0x15,0x55,0x55,0x55,0x59,0x15,0x55,0x55,0x15,0x55,0x65,0x51,0x55,0x54,0x51,0x65,0x5,0x55,0x55,0x55,0x59,0x51,0x14,0x65,0x45,0x55,
0x55,0x55,0x55,0x15,0x55,0x25,0x45,0x55,0x91,0x25,0x55,0x41,0x54,0x16,0x55,0x55,0x55,0x59,0x49,0x55,0x65,0x25,0x55,0x54,0x45,0x45,0x45,0x55,0x61,0x5a,0x55,0x51,
0x55,0x15,0x49,0x15,0x55,0x15,0x45,0x51,0x45,0x15,0x55,0x45,0x55,0x19,0x55,0x51,0x55,0x55,0x55,0x45,0x15,0x19,0x55,0x55,0x54,0x55,0xa8,0x59,0x51,0x55,0x11,0x55,
0x95,0x45,0x54,0x55,0x55,0x69,0x56,0x55,0x55,0x15,0x55,0x55,0x51,0x65,0x45,0x55,0x55,0x55,0x55,0x55,0x61,0x55,0x5,0x55,0x54,0x55,0x55,0x59,0x55,0x25,0x5,0x55,
0x46,0x56,0x51,0x19,0x65,0x25,0x5,0x55,0x56,0x25,0x45,0x59,0x15,0x56,0x15,0x54,0x55,0x55,0x68,0x55,0x55,0x65,0x55,0x55,0x55,0x55,0x55,0x59,0x61,0x55,0x15,0x54,
0x56,0x55,0x65,0x55,0x55,0x66,0x55,0x51,0x94,0x45,0x55,0x45,0x55,0x55,0x55,0x55,0x55,0x95,0x55,0x55,0x55,0x65,0x55,0x55,0x51,0x54,0x55,0x55,0x15,0x66,0x55,0x55,
0x54,0x56,0x55,0x55,0x15,0x55,0x45,0x55,0x55,0x56,0x55,0x55,0x55,0x56,0x45,0x55,0x15,0x25,0x5,0x55,0x51,0x55,0x45,0x55,0x52,0x24,0x65,0x55,0x55,0x56,0x5,0x55,
0x54,0x55,0x66,0x55,0x55,0x15,0x55,0x55,0x54,0x55,0x55,0x55,0x61,0x55,0x55,0x55,0x55,0x55,0xa5,0x55,0x51,0x65,0x45,0x55,0x55,0x55,0x51,0x54,0x55,0x15,0x15,0x55,
0x56,0x55,0x51,0x55,0x55,0x55,0x55,0x11,0x55,0x59,0x55,0x54,0x54,0x15,0x5,0x55,0x55,0x55,0x45,0x54,0x15,0x15,0x55,0x54,0x55,0x50,0x95,0x55,0x64,0x5a,0x55,0x54,
0x65,0x55,0x55,0x55,0x50,0x55,0x41,0x55,0x55,0x56,0x55,0x54,0x55,0x29,0x55,0x55,0x54,0x55,0x95,0x56,0x55,0x5a,0x51,0x55,0x55,0x55,0x55,0x55,0x61,0x55,0x41,0x55,
0x55,0x95,0x55,0x59,0x54,0x65,0x55,0x55,0x56,0x50,0x95,0x55,0x51,0x55,0x55,0x55,0x59,0x55,0x51,0x59,0x55,0x25,0x45,0x15,0x45,0x45,0x45,0x59,0x61,0x65,0x45,0x54,
0x55,0x91,0x55,0x55,0x55,0x65,0x55,0x55,0x55,0x51,0x55,0x59,0x55,0x15,0x15,0x15,0x15,0x10,0x45,0x45,0x51,0x55,0x55,0x54,0x58,0x55,0x51,0x45,0x51,0x65,0x45,0x55,
0x66,0x55,0x55,0x41,0x55,0x5a,0x15,0x54,0x55,0x55,0x95,0x41,0x50,0x65,0x15,0x55,0x54,0x55,0x55,0x41,0x54,0x15,0x5,0x55,0x55,0x41,0x55,0x55,0x54,0x19,0x44,0x15,
0x55,0x11,0x59,0x55,0x55,0x66,0x45,0x55,0x55,0x55,0x84,0x55,0x60,0x65,0x55,0x55,0x45,0x45,0x95,0x5,0x55,0x55,0x15,0x15,0x55,0x45,0x55,0x55,0x55,0x55,0x41,0x51,
0x55,0x65,0x59,0x15,0x65,0x65,0x15,0x55,0x55,0x4a,0x55,0x59,0x55,0x55,0x54,0x54,0x45,0x45,0x11,0x45,0x54,0x15,0x55,0x55,0x4,0x59,0x59,0x55,0x54,0x65,0x15,0x55,
0x15,0x95,0x55,0x55,0x55,0x25,0x55,0x55,0x46,0x55,0x14,0x46,0x55,0x65,0x55,0x51,0x54,0x55,0x55,0x15,0x65,0x66,0x45,0x55,0x65,0x95,0x55,0x15,0x59,0x65,0x55,0x54,
0x55,0x96,0x55,0x15,0x55,0x65,0x15,0x55,0x15,0x16,0x55,0x55,0x55,0x29,0x55,0x55,0x95,0x55,0x55,0x55,0x56,0x65,0x55,0x55,0x50,0x91,0x55,0x55,0x65,0x15,0x16,0x55,
0x55,0x54,0x54,0x55,0x56,0x59,0x5,0x55,0x55,0x55,0x54,0x55,0x66,0x55,0x15,0x55,0x56,0x15,0x44,0x55,0x65,0x54,0x56,0x55,0x55,0x55,0x55,0x55,0x66,0x59,0x46,0x54,
0x55,0x55,0x55,0x51,0x55,0x55,0x45,0x55,0x59,0x55,0x45,0x95,0x56,0x15,0x45,0x45,0x5,0x64,0x15,0x51,0x56,0x55,0x14,0x55,0x65,0x54,0x65,0x55,0x56,0x15,0x55,0x55,
0x65,0x55,0x10,0x41,0x66,0x55,0x55,0x45,0x55,0x55,0x65,0x85,0x65,0x64,0x15,0x45,0x55,0x55,0x55,0x95,0x66,0x55,0x55,0x55,0x55,0x55,0x65,0x55,0x56,0x58,0x55,0x15,
0x54,0x55,0x55,0x55,0x51,0x55,0x55,0x15,0x59,0x15,0x54,0x55,0x26,0x54,0x54,0x55,0xa5,0x41,0x10,0x95,0x66,0x55,0x55,0x55,0x55,0x56,0x55,0x45,0x55,0x59,0x5,0x54,
0x55,0x51,0x51,0x45,0x66,0x15,0x45,0x54,0x61,0x55,0x55,0x45,0x65,0x59,0x45,0x55,0x65,0x85,0x55,0x95,0x64,0x54,0x56,0x51,0x55,0x95,0x55,0x55,0x64,0x19,0x55,0x55,
0x19,0x55,0x55,0x55,0x55,0x54,0x55,0x55,0x6,0x55,0xa5,0x45,0x65,0x55,0x59,0x55,0x50,0x54,0x55,0x55,0x51,0x55,0x51,0x55,0x55,0x51,0x55,0x95,0x64,0x55,0x54,0x55,
0x15,0x55,0x55,0x55,0x65,0x55,0x54,0x55,0x49,0x5,0xa5,0xa9,0x64,0x15,0x55,0x55,0x15,0x64,0x95,0x65,0x65,0x15,0x5,0x55,0x52,0x64,0x66,0x55,0x55,0x15,0x45,0x55,
0x55,0x15,0x52,0x65,0x54,0x55,0x49,0x55,0xa4,0x15,0x15,0x56,0x65,0x15,0x15,0x55,0x51,0x15,0x55,0x55,0x56,0x51,0x15,0x55,0x55,0x55,0x55,0x55,0x65,0x10,0x55,0x55,
0x55,0x44,0x55,0x65,0x65,0x51,0x56,0x51,0x95,0x45,0x5a,0x65,0x66,0x15,0x15,0x15,0x55,0x55,0x55,0x55,0x55,0x54,0x51,0x55,0x65,0x49,0x55,0x51,0x55,0x11,0x50,0x55,
0x16,0x55,0x55,0x54,0x64,0x55,0x55,0x55,0x45,0x54,0x51,0x64,0x61,0x55,0x45,0x55,0x59,0x55,0x54,0x55,0x64,0x54,0x41,0x55,0x55,0x55,0x15,0x54,0x65,0x54,0x55,0x55,
0x55,0x51,0x55,0x65,0x65,0x50,0x55,0x55,0x95,0x55,0x15,0x54,0x65,0x14,0x55,0x55,0x45,0x45,0x95,0x61,0x65,0x55,0x41,0x55,0x55,0x55,0x55,0x90,0x54,0x55,0x1,0x55,
0x54,0x68,0x55,0x95,0x55,0x15,0x55,0x55,0x55,0x86,0x55,0x55,0x66,0x15,0x55,0x55,0x55,0x55,0x85,0x55,0x62,0x55,0x14,0x55,0x55,0x55,0x50,0x95,0x56,0x55,0x15,0x55,
0x55,0x5,0x55,0x95,0x55,0x54,0x15,0x54,0x54,0x40,0x41,0x55,0x65,0x55,0x55,0x55,0x48,0x5,0x55,0x55,0x45,0x11,0x5,0x55,0x55,0x55,0x56,0x55,0x55,0x55,0x54,0x55,
0x55,0x50,0x56,0x55,0x55,0x10,0x54,0x55,0x51,0x45,0x55,0x55,0x54,0x15,0x51,0x55,0x45,0x55,0x55,0xa5,0x15,0x54,0x44,0x55,0x55,0x56,0x51,0x55,0x55,0x55,0x55,0x55,
0x46,0x59,0x55,0x95,0x55,0x10,0x55,0x55,0x95,0x55,0x61,0x65,0x55,0x50,0x11,0x55,0x55,0x65,0x55,0x95,0x45,0x15,0x54,0x55,0x55,0x50,0x42,0x45,0x56,0x50,0x55,0x55,
0x45,0x15,0x6,0x95,0x16,0x55,0x55,0x54,0x46,0x55,0x55,0x55,0x55,0x91,0x55,0x55,0x95,0x54,0x66,0x15,0x51,0x54,0x15,0x54,0x95,0x65,0x55,0x51,0x45,0x54,0x45,0x55,
0x51,0x14,0x54,0x41,0x15,0x55,0x55,0x55,0x55,0x11,0x55,0x55,0x56,0x55,0x54,0x55,0x55,0x55,0x62,0x55,0x16,0x51,0x15,0x55,0x55,0x95,0x15,0x55,0x10,0x55,0x55,0x55,
0x56,0x16,0x55,0x50,0x15,0x50,0x54,0x55,0x55,0x55,0x54,0x15,0x55,0x95,0x45,0x55,0x15,0x45,0x55,0x51,0x55,0x55,0x14,0x55,0x86,0x45,0x55,0x55,0x55,0x51,0x55,0x45,
0x85,0x15,0x55,0x55,0x5,0x51,0x54,0x55,0x95,0x55,0x65,0x94,0x15,0x91,0x15,0x55,0x66,0x55,0x65,0x55,0x44,0x55,0x14,0x45,0x55,0x51,0x41,0x51,0x55,0x54,0x54,0x55,
0x55,0x61,0x51,0x45,0x50,0x55,0x55,0x51,0x45,0x45,0x44,0x56,0x45,0x95,0x45,0x55,0x55,0x25,0x51,0x55,0x54,0x51,0x45,0x45,0x65,0x54,0x56,0x55,0x15,0x51,0x55,0x55,
0x55,0x55,0x55,0x65,0x55,0x94,0x55,0x55,0x41,0x54,0x49,0x65,0x55,0x51,0x51,0x55,0x55,0x14,0x55,0x16,0x45,0x50,0x55,0x55,0x55,0x44,0x55,0x61,0x55,0x91,0x51,0x51,
0x56,0x55,0x51,0x52,0x25,0x50,0x45,0x54,0x50,0x59,0x51,0x55,0x64,0x95,0x55,0x54,0x51,0x55,0x54,0x55,0x55,0x90,0x55,0x51,0x58,0x59,0x55,0x55,0x55,0x91,0x55,0x55,
0x85,0x54,0x51,0x55,0x55,0x51,0x55,0x55,0x45,0x54,0x55,0x55,0x65,0x55,0x55,0x54,0x56,0x55,0x44,0x61,0x55,0x54,0x54,0x55,0x50,0x45,0x54,0x55,0x65,0x94,0x45,0x55,
0x95,0x45,0x55,0x61,0x55,0x55,0x51,0x55,0x51,0x95,0x55,0x95,0x5,0x55,0x14,0x15,0x55,0x45,0x55,0xa1,0x56,0x91,0x15,0x55,0x54,0x54,0x55,0x51,0x15,0x90,0x15,0x15,
0x61,0x65,0x55,0x41,0x16,0x95,0x54,0x45,0x55,0x55,0x15,0x54,0x55,0x95,0x55,0x55,0x55,0x59,0x56,0x94,0x46,0x94,0x45,0x55,0x51,0x55,0x41,0x86,0x45,0x51,0x55,0x55,
0x46,0x51,0x51,0x55,0x55,0x94,0x55,0x55,0x55,0x55,0x44,0x55,0x51,0x51,0x54,0x55,0x51,0x55,0x45,0x54,0x41,0x95,0x15,0x55,0x56,0x45,0x55,0x56,0x55,0x51,0x59,0x55,
0x55,0x55,0x45,0x55,0x55,0x51,0x55,0x55,0x55,0x54,0x55,0x15,0x15,0x85,0x55,0x55,0x51,0x56,0x54,0x55,0x15,0x54,0x45,0x55,0x54,0x54,0x95,0x45,0x26,0x55,0x15,0x54,
0x66,0x15,0x55,0x15,0x25,0x55,0x45,0x55,0x55,0x58,0x55,0x56,0x55,0x55,0x55,0x51,0x55,0x55,0x55,0x59,0x55,0x91,0x45,0x55,0x54,0x15,0x45,0x45,0x56,0x50,0x55,0x55,
0x55,0x55,0x54,0x59,0x56,0x45,0x55,0x54,0x55,0x55,0x15,0x15,0x66,0x85,0x15,0x55,0x15,0x50,0xa5,0x55,0x25,0x54,0x55,0x41,0x54,0x45,0x64,0x51,0x65,0x95,0x45,0x55,
0x55,0x55,0x55,0x55,0x55,0x95,0x15,0x55,0x55,0x55,0x54,0x54,0x55,0x45,0x54,0x51,0x5,0x55,0x56,0x45,0x56,0x95,0x55,0x55,0x55,0x45,0x51,0x58,0x55,0x55,0x55,0x55,
0x55,0x95,0x56,0x51,0x65,0x55,0x54,0x54,0x45,0x55,0x95,0x51,0x50,0x41,0x55,0x51,0x54,0x59,0x51,0x54,0x51,0x55,0x55,0x55,0x65,0x16,0xa5,0x41,0x65,0x95,0x55,0x55,
0x51,0x51,0x55,0x55,0x55,0x65,0x55,0x55,0x59,0x55,0x94,0x44,0x55,0x91,0x11,0x55,0x50,0x55,0x55,0x55,0x65,0x65,0x55,0x55,0x56,0x55,0x45,0x55,0x54,0x50,0x45,0x55,
0x55,0x55,0x58,0x55,0x95,0x51,0x54,0x55,0x11,0x65,0x55,0x44,0x51,0x90,0x55,0x55,0x58,0x55,0x51,0x55,0x64,0x99,0x55,0x55,0x91,0x15,0x65,0x59,0x54,0x98,0x15,0x51,
0x45,0x55,0x55,0x45,0x64,0x94,0x44,0x51,0x55,0x55,0x51,0x45,0x51,0x59,0x55,0x1,0x55,0x54,0x55,0x55,0x55,0x59,0x55,0x51,0x55,0x45,0x65,0x55,0x55,0x98,0x15,0x55,
0x55,0x45,0x55,0x44,0x94,0x55,0x54,0x54,0x55,0x51,0x85,0x55,0x65,0x95,0x54,0x55,0x55,0x55,0x51,0x15,0x65,0x99,0x5,0x15,0x15,0x55,0x45,0x58,0x55,0x55,0x54,0x55,
0x55,0x59,0x15,0x55,0x55,0x54,0x54,0x55,0x55,0x85,0x51,0x54,0x54,0x55,0x15,0x45,0x25,0x45,0x55,0x95,0x55,0x99,0x15,0x55,0x55,0x55,0x55,0x59,0x51,0x95,0x55,0x55,
0x54,0x54,0x55,0x55,0x55,0x94,0x14,0x54,0x95,0x55,0x55,0x55,0x81,0x54,0x54,0x15,0x55,0x65,0x55,0x59,0x55,0x69,0x55,0x51,0x95,0x54,0x54,0x55,0x55,0x55,0x54,0x45,
0x15,0x25,0x50,0x55,0x54,0x95,0x55,0x45,0x56,0x55,0x55,0x59,0x81,0x45,0x55,0x55,0x55,0x55,0x55,0x55,0x95,0x55,0x5,0x54,0x55,0x55,0x59,0x55,0x51,0x95,0x19,0x15,
0x55,0x55,0x55,0x55,0x45,0x89,0x55,0x55,0xa5,0x54,0x55,0x55,0x55,0x55,0x54,0x55,0x55,0x5a,0x56,0x45,0x51,0x85,0x15,0x41,0x95,0x51,0x55,0x55,0x51,0x55,0x5,0x54,
0x45,0x54,0x1,0x54,0x55,0x55,0x45,0x55,0x51,0x55,0x55,0x55,0x55,0xa9,0x55,0x55,0x65,0x94,0x51,0x55,0x54,0x95,0x55,0x55,0x95,0x45,0x55,0x55,0x95,0x65,0x55,0x54,
0x59,0x55,0x56,0x55,0x45,0x59,0x54,0x55,0x55,0x55,0x56,0x44,0x84,0x99,0x59,0x55,0x51,0x45,0x65,0x51,0x45,0x65,0x55,0x45,0x55,0x45,0x14,0x55,0x55,0x95,0x55,0x55,
0x55,0x5a,0x54,0x45,0x45,0x95,0x55,0x15,0x45,0x55,0x55,0x54,0x55,0xa5,0x15,0x51,0x56,0x61,0x59,0x51,0x45,0x64,0x54,0x55,0x55,0x15,0x59,0x55,0x45,0x95,0x55,0x55,
0x55,0x55,0x51,0x51,0x55,0x54,0x55,0x45,0xa5,0x65,0x65,0x55,0x95,0x65,0x45,0x45,0xa5,0x55,0x65,0x55,0x51,0x54,0x54,0x55,0x55,0x55,0x55,0x15,0x85,0x59,0x55,0x55,
0x55,0x15,0x50,0x55,0x95,0x64,0x15,0x55,0x55,0x59,0x65,0x51,0x91,0x95,0x55,0x55,0x55,0x55,0x54,0x55,0x45,0x65,0x44,0x55,0x55,0x54,0x95,0x55,0x54,0x55,0x45,0x45,
0x59,0x54,0x45,0x55,0x95,0x55,0x59,0x55,0x55,0x41,0x56,0x54,0x55,0x55,0x55,0x51,0x55,0x55,0x64,0x15,0x45,0x95,0x14,0x55,0x59,0x55,0x64,0x55,0x50,0x95,0x54,0x55,
0x65,0x95,0x65,0x65,0x45,0x55,0x55,0x55,0x55,0x55,0x25,0x55,0x45,0xa5,0x55,0x55,0x55,0x55,0x62,0x55,0x95,0x94,0x15,0x55,0x95,0x55,0x91,0x55,0x55,0x55,0x59,0x55,
0x14,0x56,0x51,0x54,0x84,0x94,0x55,0x15,0x59,0x55,0x45,0x55,0x94,0x55,0x54,0x55,0x45,0xa4,0x55,0x55,0x45,0x59,0x15,0x55,0x55,0x55,0x56,0x15,0x55,0x95,0x55,0x54,
0x41,0x65,0x55,0x55,0x55,0x55,0x55,0x11,0x51,0x55,0x54,0x55,0x55,0x94,0x54,0x54,0x55,0x59,0x51,0x55,0x55,0x95,0x58,0x55,0x56,0x58,0x11,0x55,0x55,0x55,0x55,0x55,
0x29,0x55,0x15,0x55,0x51,0x95,0x51,0x51,0x55,0x55,0x55,0x55,0x99,0x95,0x14,0x45,0x55,0x96,0x55,0x55,0x55,0x95,0x45,0x55,0x55,0x12,0x95,0x55,0x55,0x55,0x55,0x55,
0x14,0x45,0x55,0x46,0x55,0x95,0x45,0x55,0x8,0x65,0x55,0x52,0x55,0x55,0x55,0x54,0x95,0x65,0x95,0x51,0x55,0x95,0x54,0x55,0x55,0x55,0x55,0x55,0x55,0x95,0x44,0x55,
0x95,0x54,0x55,0x66,0x45,0x95,0x45,0x55,0x44,0x55,0x54,0x61,0x55,0x55,0x55,0x54,0x55,0x66,0x55,0x54,0x45,0x55,0x51,0x55,0x65,0x55,0x55,0x55,0x55,0x69,0x55,0x55,
0x65,0x41,0x55,0x65,0x55,0x55,0x41,0x55,0x55,0x99,0x55,0x56,0x51,0x55,0x55,0x55,0x55,0x55,0x54,0x55,0x55,0x55,0x55,0x54,0x55,0x55,0x15,0x55,0x55,0x95,0x14,0x55,
0x55,0x55,0x55,0x55,0x51,0x98,0x15,0x54,0x55,0x15,0x55,0x55,0x51,0x55,0x15,0x54,0x59,0x54,0x59,0x65,0x55,0xa5,0x54,0x55,0x55,0x45,0x55,0x55,0x55,0x95,0x55,0x51,
0x49,0x90,0x55,0x15,0x55,0x55,0x45,0x45,0x44,0x50,0x55,0x65,0x55,0x95,0x45,0x45,0x54,0x15,0x55,0x59,0x54,0xa5,0x15,0x55,0x21,0x55,0x56,0x65,0x55,0x95,0x55,0x55,
0x55,0x55,0x56,0x55,0x44,0x95,0x45,0x55,0x55,0x55,0x55,0x65,0x55,0x95,0x55,0x55,0x55,0x55,0x14,0x55,0x55,0x55,0x11,0x55,0x55,0x55,0x54,0x66,0x55,0x99,0x55,0x50,
0x55,0x21,0x55,0x55,0x85,0x95,0x45,0x55,0x99,0x55,0x55,0x15,0x41,0x55,0x55,0x45,0x45,0x56,0x55,0x55,0x55,0x55,0x15,0x55,0x55,0x55,0x55,0x41,0x55,0x55,0x54,0x41,
0x55,0x55,0x55,0x55,0x55,0x55,0x55,0x55,0x55,0x45,0x54,0x55,0x51,0x55,0x55,0x45,0x55,0x45,0x65,0x65,0x55,0x65,0x15,0x55,0x95,0x45,0x14,0x55,0x51,0x55,0x15,0x55,
0x95,0x51,0x65,0x16,0x81,0x55,0x55,0x55,0x55,0x59,0x55,0x55,0x50,0x95,0x15,0x55,0x55,0x51,0x51,0x15,0x55,0x55,0x55,0x55,0x55,0x55,0x59,0x15,0x41,0xa9,0x55,0x55,
0x55,0x95,0x14,0x55,0x51,0x95,0x55,0x55,0x55,0x55,0x44,0x65,0x54,0xa5,0x55,0x55,0x54,0x55,0x54,0x14,0x65,0x55,0x55,0x55,0x56,0x15,0x55,0x15,0x51,0x55,0x15,0x15,
0x15,0x65,0x55,0x54,0x95,0xa5,0x55,0x51,0x65,0x55,0x56,0x45,0x59,0x95,0x54,0x55,0x95,0x65,0x65,0x45,0x95,0x55,0x45,0x55,0x55,0x64,0x41,0x58,0x54,0x95,0x10,0x41,
0x51,0x55,0x59,0x14,0x54,0x55,0x55,0x14,0x15,0x51,0x52,0x55,0x55,0x95,0x55,0x51,0x15,0x59,0x55,0x55,0x55,0x59,0x55,0x4,0x55,0x55,0x56,0x55,0x55,0x55,0x54,0x55,
0x91,0x55,0x15,0x55,0x59,0x55,0x54,0x55,0x55,0x56,0x65,0x55,0xa5,0x99,0x54,0x55,0x55,0x55,0x55,0x15,0x55,0x95,0x11,0x54,0x55,0x15,0x56,0x55,0x55,0x55,0x14,0x55,
0x45,0x5,0x41,0x55,0x54,0x55,0x55,0x45,0x55,0x55,0x41,0x55,0x59,0x59,0x55,0x54,0x56,0x15,0x55,0x55,0x49,0x51,0x55,0x51,0x55,0x11,0x55,0x55,0x55,0x55,0x4,0x55,
0x55,0x95,0x14,0x55,0x69,0x65,0x55,0x11,0x56,0xa1,0x15,0x55,0x59,0x55,0x14,0x55,0x65,0x44,0x51,0x15,0x55,0x51,0x15,0x55,0x15,0x59,0x55,0x55,0x55,0x55,0x55,0x51,
0x15,0x65,0x95,0x45,0x59,0x55,0x15,0x55,0x55,0xa5,0x51,0x55,0x59,0x51,0x54,0x54,0x55,0xa0,0x54,0x14,0x99,0x55,0x55,0x55,0x90,0x65,0x45,0x15,0x59,0x51,0x55,0x54,
0x55,0x95,0x95,0x55,0x56,0x65,0x15,0x55,0x55,0x15,0x15,0x5,0x59,0x61,0x55,0x51,0x52,0x45,0x55,0x55,0x95,0x55,0x15,0x55,0x56,0x14,0x55,0x19,0x55,0x61,0x49,0x15,
0x55,0x41,0x15,0x55,0x59,0x51,0x45,0x45,0x45,0x54,0x54,0x55,0x56,0x91,0x55,0x54,0x54,0x6,0x51,0x55,0x59,0x55,0x45,0x54,0x59,0x55,0x55,0x55,0x55,0x55,0x54,0x55,
0x55,0x55,0x95,0x15,0x56,0x55,0x45,0x51,0x55,0x65,0x55,0x5,0x95,0x61,0x58,0x51,0x55,0x55,0x95,0x55,0x59,0x55,0x15,0x41,0x51,0x65,0x94,0x55,0x55,0x51,0x55,0x50,
0x55,0x56,0x51,0x15,0x55,0x55,0x54,0x55,0x55,0x59,0x55,0x55,0x55,0x55,0x55,0x55,0x55,0x55,0x96,0x65,0x52,0x55,0x55,0x55,0x55,0x55,0x55,0x56,0x92,0x51,0x59,0x54,
0x65,0x55,0x66,0x56,0x55,0x55,0x65,0x54,0x45,0x11,0x55,0x15,0x55,0x55,0x55,0x55,0x55,0x54,0x55,0x15,0x56,0x55,0x55,0x51,0x15,0x55,0x56,0x55,0x55,0x55,0x55,0x55,
0x55,0x55,0x55,0x55,0x55,0x55,0x55,0x55,0x55,0x55,0x55,0x55,0x55,0x55,0x55,0x55,0x55,0x55,0x55,0x55,0x55,0x55,0x55,0x55,0x55,0x55,0x55,0x55,0x55,0x55,0x55,0x55,
0x55,0x59,0x66,0x55,0x55,0x55,0x55,0x55,0x55,0x55,0x55,0x55,0x55,0x55,0x55,0x55,0x65,0x54,0x65,0x55,0x55,0x55,0x55,0x55,0x55,0x45,0x55,0x55,0x55,0x55,0x55,0x55,
0x45,0x56,0x95,0x55,0x55,0x55,0x55,0x55,0x15,0x55,0x65,0x55,0x55,0x55,0x55,0x55,0x54,0x55,0x55,0x55,0x55,0x55,0x55,0x55,0x65,0x55,0x54,0x55,0x55,0x55,0x55,0x55,
0x55,0x55,0x59,0x65,0x55,0x55,0x55,0x55,0x56,0x19,0x55,0x65,0x55,0x55,0x55,0x55,0x55,0x64,0x55,0x59,0x55,0x55,0x55,0x55,0x55,0x55,0x55,0x55,0x55,0x55,0x55,0x55,
0x56,0x55,0x55,0x55,0x55,0x55,0x55,0x55,0x55,0x55,0x51,0x65,0x55,0x55,0x55,0x55,0x5,0x85,0x65,0x55,0x55,0x55,0x55,0x55,0x55,0x65,0x95,0x55,0x55,0x55,0x55,0x55,
0x14,0x56,0x55,0x55,0x55,0x55,0x55,0x55,0x55,0x45,0x45,0x55,0x55,0x55,0x55,0x55,0x51,0x54,0x55,0x55,0x55,0x55,0x55,0x55,0x54,0x14,0x45,0x55,0x59,0x55,0x55,0x55,
0x15,0x55,0x51,0x55,0x65,0x55,0x55,0x55,0x19,0x95,0x52,0x55,0x55,0x56,0x55,0x55,0x54,0x59,0x15,0x51,0x55,0x55,0x55,0x55,0x54,0x55,0x55,0x56,0x55,0x55,0x55,0x55,
0x51,0x49,0x55,0x55,0x55,0x55,0x55,0x55,0x15,0x14,0x15,0x55,0x55,0x55,0x55,0x55,0x45,0x54,0x55,0x55,0x55,0x55,0x55,0x55,0x55,0x15,0x15,0x55,0x55,0x55,0x55,0x55,
0x55,0x44,0x58,0x55,0x55,0x55,0x55,0x55,0x45,0x55,0x55,0x55,0x55,0x55,0x55,0x55,0x11,0x51,0x59,0x59,0x55,0x55,0x55,0x55,0x65,0x55,0x55,0x55,0x55,0x55,0x55,0x55,
0x55,0x45,0x56,0x54,0x69,0x55,0x55,0x55,0x55,0x19,0x59,0x55,0x65,0x55,0x55,0x55,0x59,0x55,0x55,0x59,0x55,0x55,0x55,0x55,0x55,0x56,0x50,0x54,0x55,0x59,0x55,0x55,
0x52,0x65,0x55,0x58,0x69,0x55,0x55,0x55,0x55,0x55,0x55,0x55,0x56,0x56,0x55,0x55,0x55,0x51,0x55,0x55,0x55,0x55,0x55,0x55,0x54,0x11,0x65,0x55,0x65,0x55,0x55,0x55,
0x65,0x51,0x55,0x55,0x99,0x55,0x55,0x55,0x55,0x55,0x65,0x55,0x55,0x55,0x55,0x55,0x55,0x55,0x65,0x61,0x55,0x55,0x55,0x55,0x51,0x44,0x55,0x51,0x55,0x55,0x55,0x55,
0x56,0x56,0x55,0x51,0x59,0x55,0x55,0x55,0x55,0x96,0x51,0x51,0x55,0x55,0x55,0x55,0x59,0x66,0x51,0x55,0x55,0x55,0x55,0x55,0x14,0x55,0x54,0x65,0x55,0x55,0x55,0x55,
0x55,0x58,0x15,0x55,0x55,0x55,0x55,0x65,0x90,0x55,0x55,0x55,0x55,0x55,0x55,0x55,0x59,0x65,0x55,0x55,0x55,0x55,0x55,0x55,0x25,0x99,0x55,0x51,0x55,0x55,0x55,0x55,
0x55,0x55,0x51,0x55,0x55,0x55,0x55,0x55,0x15,0x59,0x95,0x55,0x55,0x55,0x55,0x55,0x55,0x55,0x50,0x55,0x55,0x55,0x55,0x55,0x95,0x55,0x95,0x95,0x55,0x55,0x55,0x55,
0x56,0x55,0x55,0x55,0x65,0x55,0x55,0x55,0x64,0x55,0xa5,0x55,0x55,0x55,0x55,0x55,0x5,0x16,0x55,0x54,0x55,0x56,0x55,0x55,0x65,0x55,0x56,0x55,0x55,0x55,0x55,0x55,
0x54,0x45,0x55,0x55,0x55,0x55,0x55,0x55,0x55,0x91,0x45,0x54,0x55,0x55,0x55,0x55,0x56,0x99,0x56,0x55,0x55,0x55,0x55,0x55,0x56,0x54,0x95,0x45,0x55,0x55,0x55,0x55,
0x25,0x4,0x45,0x55,0x55,0x55,0x55,0x55,0x55,0x51,0x45,0x55,0x55,0x55,0x55,0x55,0x59,0x95,0x55,0x45,0x55,0x55,0x55,0x55,0x65,0x12,0x55,0x55,0x55,0xa6,0x55,0x55,
0x55,0x95,0x5,0x55,0x95,0x59,0x55,0x55,0x55,0x55,0x45,0x54,0x55,0x55,0x55,0x55,0x54,0x55,0x44,0x55,0x55,0x55,0x55,0x55,0x55,0x55,0x55,0x55,0x55,0x55,0x55,0x55,
0x59,0x15,0x55,0x56,0x55,0x55,0x55,0x55,0x41,0x55,0x45,0x45,0x55,0x55,0x55,0x55,0x54,0x1,0x55,0x55,0x55,0x55,0x55,0x55,0x55,0x59,0x45,0x55,0x55,0x55,0x55,0x55,
0x59,0x51,0x55,0x56,0x95,0x55,0x55,0x55,0x91,0x58,0x51,0x15,0x95,0x55,0x55,0x55,0x55,0x54,0x51,0x55,0x56,0x55,0x55,0x55,0x55,0x55,0x55,0x56,0x55,0x55,0x55,0x55,
0x95,0x65,0x59,0x55,0x55,0x55,0x55,0x55,0x44,0x55,0x51,0x15,0x55,0x55,0x55,0x55,0x55,0x54,0x55,0x55,0x55,0x95,0x55,0x55,0x51,0x55,0x56,0x55,0x55,0x55,0x55,0x55,
0x64,0x55,0x16,0x55,0x55,0x55,0x55,0x55,0x85,0x55,0x5,0x55,0x56,0x59,0x55,0x55,0x15,0x66,0x15,0x55,0x55,0x55,0x55,0x55,0x55,0x51,0x45,0x11,0x56,0x55,0x55,0x55,
0x55,0x55,0x55,0x55,0x85,0x55,0x55,0x55,0x55,0x45,0x55,0x54,0x55,0x55,0x55,0x55,0x55,0x45,0x55,0x5,0x55,0x55,0x55,0x55,0x51,0x55,0x18,0x55,0x55,0x55,0x56,0x55,
0x99,0x51,0x16,0x50,0x55,0x59,0x55,0x55,0x85,0x95,0x5a,0x54,0x56,0x55,0x55,0x55,0x54,0x96,0x15,0x41,0x45,0x55,0x55,0x55,0x45,0x55,0x55,0x15,0x55,0x55,0x55,0x55,
0x45,0x55,0x14,0x55,0x55,0x55,0x55,0x55,0x65,0x56,0x55,0x59,0x55,0x55,0x55,0x55,0x55,0x55,0x4,0x55,0x55,0x55,0x55,0x55,0x45,0x15,0x55,0x15,0x55,0x55,0x55,0x55,
0x85,0x55,0x55,0x59,0x55,0x55,0x55,0x55,0x59,0x65,0x15,0x49,0x55,0x55,0x55,0x55,0x95,0x55,0x55,0x15,0x55,0x55,0x55,0x55,0x15,0x45,0x15,0x59,0x55,0x55,0x55,0x55,
0x55,0x25,0x55,0x5a,0x51,0x55,0x55,0x55,0x55,0x55,0x55,0x59,0x54,0x55,0x55,0x55,0x45,0x55,0x51,0x55,0x54,0x55,0x55,0x55,0x55,0x65,0x51,0x59,0x55,0x55,0x55,0x55,
0x55,0x55,0x65,0x56,0x54,0x55,0x55,0x55,0x55,0x44,0x51,0x55,0x54,0x65,0x55,0x55,0x85,0x55,0x55,0x55,0x55,0x59,0x55,0x55,0x55,0x15,0x15,0x55,0x58,0x55,0x55,0x55,
0x55,0x95,0x65,0x55,0x54,0x55,0x55,0x55,0x55,0x14,0x69,0x54,0x59,0x65,0x59,0x55,0x95,0x45,0x55,0x54,0x55,0x55,0x55,0x55,0x55,0x54,0x59,0x54,0x49,0x55,0x55,0x55,
0x55,0x95,0x51,0x54,0x54,0x65,0x55,0x55,0x15,0x41,0x15,0x55,0x55,0x55,0x55,0x55,0x25,0x41,0x55,0x45,0x55,0x65,0x55,0x55,0x55,0x55,0x51,0x54,0x55,0x55,0x55,0x55,
0x11,0x55,0x56,0x55,0x54,0x55,0x55,0x55,0x54,0x54,0x59,0x55,0x55,0x99,0x56,0x55,0x54,0x65,0x95,0x55,0x55,0x55,0x59,0x55,0x45,0x55,0x15,0x55,0x55,0x55,0x55,0x55,
0x66,0x55,0x58,0x51,0x55,0x56,0x55,0x55,0x85,0x55,0x55,0x55,0x45,0x55,0x55,0x55,0x55,0x51,0x5a,0x59,0x54,0x69,0x55,0x55,0x55,0x49,0x55,0x49,0x55,0x65,0x55,0x55,
0x45,0x55,0x49,0x54,0x59,0x56,0x55,0x55,0x55,0x55,0x55,0x55,0x55,0x59,0x55,0x55,0x55,0x55,0x55,0x51,0x55,0x55,0x55,0x55,0x85,0x95,0x51,0x55,0x14,0x55,0x55,0x55,
0x55,0x55,0x55,0x55,0x55,0x55,0x55,0x55,0x54,0x14,0x55,0x55,0x55,0x55,0x55,0x55,0x51,0x15,0x45,0x55,0x55,0x55,0x56,0x55,0x25,0x56,0x55,0x64,0x55,0x65,0x55,0x55,
0x15,0x55,0x51,0x68,0x55,0x59,0x55,0x55,0x55,0x56,0x55,0x55,0x54,0x95,0x55,0x55,0x55,0x18,0x45,0x65,0x55,0x55,0x55,0x55,0x59,0x55,0x55,0x65,0x55,0x55,0x55,0x55,
0x55,0x95,0x54,0x55,0x55,0x55,0x55,0x55,0x45,0x55,0x55,0x15,0x65,0x55,0x55,0x55,0x55,0x55,0x45,0x55,0x55,0x55,0x55,0x55,0x55,0x41,0x95,0x55,0x55,0x55,0x55,0x55,
0x55,0x95,0x45,0x59,0x21,0x55,0x55,0x55,0x55,0x55,0x54,0x55,0x55,0x55,0x55,0x55,0x65,0x55,0x55,0x55,0x65,0x55,0x55,0x55,0x51,0x55,0x55,0x55,0x65,0x55,0x55,0x55,
0x15,0x15,0x56,0x55,0x55,0x55,0x55,0x55,0x45,0x55,0x54,0x55,0x55,0x55,0x55,0x55,0x55,0x55,0x55,0x51,0x11,0x59,0x59,0x55,0x55,0x55,0x56,0x55,0x65,0x59,0x55,0x55,
0x55,0x54,0x95,0x55,0x55,0x55,0x55,0x55,0x54,0x55,0x96,0x10,0x55,0x65,0x55,0x55,0x55,0x55,0x51,0x51,0x55,0x55,0x55,0x55,0x55,0x55,0x55,0x14,0x55,0x55,0x55,0x55,
0x55,0x51,0x56,0x55,0x55,0x55,0x55,0x55,0x15,0x51,0x56,0x55,0x51,0x54,0x55,0x55,0x65,0x55,0x55,0x54,0x15,0x55,0x55,0x55,0x59,0x55,0x55,0x55,0x51,0x55,0x55,0x55,
0x4,0x55,0x4,0x55,0x55,0x55,0x55,0x55,0x55,0x55,0x59,0x55,0x51,0x55,0x55,0x56,0x64,0x51,0x65,0x15,0x61,0x55,0x55,0x55,0x55,0x95,0x55,0x55,0x55,0x54,0x55,0x55,
0x55,0x55,0x54,0x5,0x51,0x55,0x55,0x55,0x51,0x55,0x55,0x55,0x55,0x55,0x55,0x55,0x54,0x55,0xa5,0x45,0x55,0x65,0x55,0x55,0x55,0x55,0x65,0x16,0x51,0x59,0x55,0x55,
0x25,0x65,0x95,0x55,0x55,0x55,0x55,0x55,0x56,0x54,0x65,0x15,0x54,0x95,0x55,0x55,0x55,0x55,0x55,0x51,0x54,0x55,0x55,0x55,0x55,0x65,0x65,0x15,0x55,0x65,0x55,0x55,
0x55,0x65,0x55,0x45,0x55,0x55,0x55,0x55,0x55,0x65,0x55,0x55,0x55,0x55,0x55,0x55,0x55,0x55,0x15,0x95,0x55,0x55,0x55,0x55,0x54,0x15,0x55,0x81,0x55,0x55,0x55,0x55,
0x11,0x55,0x5,0x85,0x55,0x55,0x55,0x55,0x45,0x54,0x54,0x95,0x55,0x55,0x55,0x55,0x15,0x40,0x5,0xa1,0x55,0x55,0x55,0x55,0x56,0x45,0x54,0x95,0x65,0x55,0x55,0x55,
0x55,0x45,0x51,0x95,0x55,0x55,0x55,0x55,0x25,0x59,0x50,0x55,0x55,0x55,0x55,0x55,0x55,0x95,0x55,0x55,0x55,0x55,0x55,0x55,0x55,0x45,0x55,0x50,0x55,0x54,0x55,0x55,
0x55,0x5a,0x54,0x55,0x54,0x55,0x55,0x55,0x55,0x51,0x55,0x61,0x55,0x95,0x55,0x55,0x65,0x56,0x55,0x55,0x91,0x55,0x55,0x55,0x16,0x55,0x56,0x95,0x55,0x55,0x55,0x55,
0x49,0x65,0x56,0x55,0x95,0x95,0x55,0x55,0x95,0x41,0x11,0x55,0x51,0x65,0x55,0x55,0x55,0x51,0x55,0x55,0x55,0x54,0x55,0x55,0x56,0x14,0x55,0x55,0x55,0x55,0x55,0x55,
0x54,0x45,0x15,0x56,0x45,0x55,0x55,0x55,0x10,0x55,0x51,0x95,0x44,0x51,0x55,0x55,0x55,0x56,0x51,0x94,0x45,0x55,0x55,0x55,0x14,0x55,0x19,0x55,0x55,0x55,0x55,0x55,
0x55,0x55,0x58,0x55,0x55,0x55,0x55,0x55,0x25,0x55,0x14,0x55,0x95,0x65,0x55,0x55,0x55,0x55,0x15,0x65,0x85,0x54,0x59,0x55,0x55,0x55,0x55,0x55,0x55,0x64,0x65,0x55,
0x55,0x55,0x15,0x55,0x55,0x51,0x55,0x55,0x59,0x44,0x95,0x45,0x95,0x55,0x55,0x55,0x45,0x95,0x55,0x45,0x95,0x91,0x55,0x55,0x55,0x40,0x95,0x51,0x45,0x65,0x55,0x55,
0x55,0x55,0x55,0x45,0x45,0x55,0x55,0x55,0x41,0x55,0x55,0x51,0x55,0x55,0x55,0x55,0x55,0x55,0x95,0x55,0x94,0x55,0x55,0x55,0x54,0x61,0x54,0x55,0x45,0x65,0x55,0x55,
0x55,0x65,0x55,0x55,0x54,0x55,0x55,0x55,0x44,0x55,0x59,0x41,0x55,0x55,0x55,0x55,0x45,0x55,0x56,0x55,0x54,0x55,0x55,0x55,0x58,0x55,0x14,0x55,0x55,0x55,0x55,0x55,
0x55,0x55,0x45,0x41,0x55,0x55,0x55,0x55,0x65,0x54,0x55,0x55,0x54,0x65,0x55,0x55,0x50,0x55,0x1,0x45,0x85,0x55,0x55,0x55,0x15,0x55,0x45,0x55,0x55,0x55,0x55,0x55,
0x45,0x55,0x65,0x55,0x55,0x55,0x55,0x55,0x54,0x15,0x65,0x55,0x55,0x55,0x55,0x55,0x51,0x54,0x95,0x55,0x95,0x55,0x55,0x55,0x55,0x45,0x56,0x59,0x55,0x55,0x55,0x55,
0x55,0x55,0x96,0x55,0x54,0x55,0x55,0x55,0x48,0x54,0x15,0x55,0x55,0x65,0x59,0x55,0x55,0x56,0x44,0x55,0x55,0x55,0x65,0x55,0x54,0x56,0x95,0x55,0x55,0x55,0x59,0x55,
0x15,0x55,0x91,0x15,0x40,0x55,0x55,0x55,0x55,0x45,0xa5,0x5a,0x95,0x54,0x96,0x55,0x45,0x44,0x54,0x15,0x51,0x55,0x59,0x55,0x55,0x5,0x95,0x99,0x95,0x55,0x95,0x55,
0x55,0x95,0x55,0x55,0x55,0x55,0x55,0x55,0x56,0x95,0x55,0x95,0x55,0x55,0x55,0x55,0x59,0x55,0x55,0x55,0x55,0x55,0x55,0x55,0x15,0x91,0x55,0x55,0x55,0x65,0x95,0x55,
0xa5,0x96,0x51,0x54,0x55,0x55,0x55,0x55,0x41,0x82,0x55,0x55,0x55,0x65,0x55,0x55,0x55,0x55,0x55,0x55,0x55,0x55,0x59,0x55,0x51,0x55,0x64,0x55,0x55,0x56,0x55,0x55,
0x54,0x54,0x25,0x55,0x56,0x55,0x65,0x55,0x55,0x91,0x55,0x55,0x45,0x55,0x96,0x55,0x15,0x51,0x55,0x45,0x95,0x55,0x55,0x55,0x51,0x51,0x51,0x45,0x55,0x55,0x55,0x55,
0x55,0x45,0x45,0x95,0x45,0x55,0x55,0x55,0x55,0x55,0x55,0x45,0x55,0x55,0x55,0x55,0x45,0x51,0x55,0x55,0x56,0x55,0x55,0x55,0x55,0x56,0x46,0x55,0x56,0x55,0x55,0x55,
0x45,0x46,0x51,0x95,0x82,0x55,0x55,0x55,0x45,0x52,0x59,0x45,0x55,0x51,0x55,0x55,0x55,0x55,0x19,0x95,0x56,0x55,0x55,0x56,0x55,0x69,0x55,0x55,0x55,0x55,0x55,0x55,
0x55,0x55,0x55,0x54,0x56,0x55,0x55,0x55,0x55,0x55,0x55,0x55,0x55,0x55,0x55,0x55,0x55,0x55,0x55,0x55,0x56,0x56,0x55,0x55,0x55,0x99,0x55,0x55,0x11,0x51,0x55,0x55,
0x15,0x95,0x54,0x94,0x55,0x55,0x55,0x55,0x51,0x91,0x59,0x55,0x5,0x55,0x55,0x55,0x41,0x15,0x55,0x55,0x52,0x95,0x55,0x55,0x95,0x56,0x45,0x55,0x56,0x52,0x55,0x55,
0x55,0x55,0x44,0x59,0x16,0x55,0x55,0x55,0xa5,0x55,0x49,0x58,0x56,0x55,0x56,0x55,0x55,0x55,0x59,0x59,0x55,0x55,0x55,0x55,0x55,0x15,0x59,0x95,0x56,0x55,0x55,0x55,
0x62,0x55,0x55,0x55,0x15,0x56,0x55,0x55,0x55,0x61,0x45,0x58,0x15,0x95,0x55,0x55,0x45,0x55,0x55,0x55,0x51,0x55,0x55,0x55,0x25,0x55,0x55,0x55,0x50,0x55,0x55,0x55,
0x95,0x54,0x25,0x50,0x55,0x55,0x55,0x55,0x55,0x55,0x15,0x51,0x55,0x55,0x55,0x55,0x55,0x51,0x54,0x55,0x55,0x56,0x55,0x55,0x16,0x55,0x45,0x54,0x55,0x56,0x55,0x55,
0x58,0x15,0x55,0x59,0x55,0x55,0x55,0x55,0x2,0x55,0x55,0x58,0x55,0x55,0x55,0x55,0x55,0x15,0x45,0x15,0x55,0x55,0x55,0x55,0x55,0x55,0x65,0x59,0x15,0x55,0x55,0x55,
0x51,0x51,0x55,0x15,0x55,0x55,0x95,0x55,0x45,0x15,0x55,0x55,0x51,0x56,0x55,0x55,0x55,0x15,0x95,0x9,0x51,0x55,0x55,0x55,0x65,0x55,0x45,0x55,0x55,0x55,0x55,0x55,
0x59,0x55,0x5,0x49,0x55,0x55,0x55,0x55,0x95,0x95,0x65,0x55,0x15,0x55,0x56,0x55,0x55,0x4,0x55,0x46,0x55,0x95,0x55,0x55,0x55,0x41,0x55,0x55,0x15,0x55,0x55,0x55,
0x40,0x55,0x65,0x55,0x15,0x55,0x55,0x55,0x55,0x65,0x55,0x55,0x15,0x55,0x55,0x55,0x55,0x44,0x55,0x55,0x55,0x55,0x55,0x55,0x55,0x95,0x64,0x15,0x15,0x55,0x96,0x55,
0x55,0x55,0x61,0x55,0x55,0x55,0x55,0x55,0x59,0x55,0x55,0x55,0x15,0x56,0x55,0x55,0x45,0x55,0x15,0x15,0x15,0x55,0x55,0x55,0x55,0x55,0x15,0x55,0x55,0x55,0x55,0x55,
0x54,0x55,0x55,0x54,0x51,0x55,0x55,0x55,0x55,0x19,0x54,0x15,0x15,0x56,0x55,0x65,0x49,0x55,0x91,0x15,0x55,0x45,0x55,0x65,0x55,0x59,0x95,0x55,0x55,0x52,0x55,0x55,
0x45,0x55,0x55,0x16,0x55,0x95,0x55,0x55,0x55,0x15,0x59,0x55,0x55,0x55,0x59,0x55,0x55,0x55,0x49,0x15,0x15,0x55,0x55,0x55,0x55,0x95,0x45,0x55,0x11,0x55,0x95,0x55,
0x65,0x55,0x45,0x55,0x15,0x55,0x55,0x55,0x65,0x45,0x55,0x55,0x55,0x55,0x59,0x55,0x56,0x54,0x15,0x56,0x14,0x45,0x65,0x55,0x55,0x59,0x55,0x56,0x50,0x55,0x59,0x55,
0x55,0x95,0x94,0x59,0x55,0x55,0x55,0x59,0x56,0x55,0x95,0x55,0x15,0x55,0x55,0x55,0x55,0x55,0x44,0x56,0x55,0x55,0x56,0x55,0x5,0x95,0x95,0x55,0x55,0x56,0x55,0x55,
0x15,0x55,0x55,0x15,0x45,0x55,0x55,0x55,0x55,0x51,0x54,0x69,0x56,0x55,0x59,0x55,0x15,0x4,0x55,0x55,0x15,0x55,0x55,0x55,0x54,0x55,0x51,0x56,0x15,0x55,0x55,0x55,
0xa5,0x55,0x44,0x55,0x55,0x55,0x55,0x55,0x94,0x55,0x55,0x56,0x55,0x55,0x55,0x55,0x54,0x65,0x56,0x50,0x51,0x55,0x55,0x55,0x54,0x55,0x54,0x50,0x5,0x56,0x99,0x55,
0x54,0x45,0x55,0x15,0x55,0x55,0x55,0x55,0x56,0x55,0x55,0x50,0x45,0x55,0x55,0x55,0x55,0x46,0x95,0x54,0x44,0x51,0x55,0x55,0x45,0x59,0xa4,0x15,0x55,0x55,0x55,0x55,
0x51,0x15,0x51,0x45,0x58,0x55,0x55,0x55,0x55,0x15,0x55,0x15,0x55,0x55,0x59,0x55,0x55,0x45,0x55,0x15,0x56,0x55,0x65,0x55,0x59,0x55,0x55,0x15,0x19,0x55,0x59,0x55,
0x65,0x54,0x55,0x15,0x5a,0x55,0x55,0x55,0x55,0x55,0x45,0x55,0x15,0x55,0x55,0x55,0x14,0x16,0x41,0x15,0x55,0x55,0x55,0x55,0x59,0x55,0x55,0x55,0x46,0x55,0x55,0x55,
0x55,0x54,0x15,0x54,0x59,0x51,0x55,0x55,0x95,0x51,0x45,0x5,0x55,0x45,0x59,0x55,0x55,0x59,0x59,0x55,0x55,0x55,0x55,0x55,0x55,0x15,0x54,0x55,0x59,0x55,0x55,0x55,
0x55,0x59,0x65,0x54,0x56,0x55,0x55,0x55,0x45,0x55,0x54,0x55,0x55,0x55,0x55,0x55,0x51,0x55,0x61,0x54,0x55,0x49,0x59,0x55,0x55,0x95,0x65,0x50,0x59,0x55,0x65,0x55,
0x51,0x65,0x59,0x55,0x55,0x55,0x55,0x55,0x55,0x52,0x45,0x55,0x9,0x55,0x55,0x55,0x51,0x55,0x55,0x54,0x59,0x54,0x55,0x55,0x45,0x11,0x55,0x55,0x5a,0x55,0x55,0x55,
0x15,0x55,0x61,0x55,0x45,0x55,0x55,0x55,0x55,0x59,0x65,0x55,0x59,0x54,0x59,0x55,0x55,0x54,0x6a,0x55,0x5a,0x55,0x55,0x55,0x41,0x55,0x65,0x51,0x15,0x55,0x59,0x55,
0x59,0x55,0x55,0x45,0x15,0x55,0x55,0x55,0x16,0x55,0x5a,0x55,0x55,0x85,0x55,0x55,0x52,0x55,0x65,0x55,0x16,0x54,0x5a,0x55,0x54,0x56,0x52,0x55,0x59,0x95,0x55,0x55,
0x55,0x56,0x55,0x65,0x55,0x95,0x55,0x55,0x55,0x55,0x50,0x65,0x55,0x55,0x55,0x55,0x55,0x61,0x25,0x55,0x55,0x55,0x55,0x55,0x65,0x54,0x61,0x55,0x45,0x55,0x55,0x55,
0x59,0x64,0x15,0x55,0x59,0x55,0x59,0x55,0x55,0xa1,0x54,0x55,0x55,0x55,0x59,0x55,0x55,0x54,0x94,0x65,0x55,0x54,0x55,0x55,0x54,0x65,0x85,0x55,0x45,0x55,0x55,0x55,
0x64,0x58,0x45,0x55,0x55,0x54,0x55,0x55,0x55,0x55,0x54,0x54,0x55,0x48,0x55,0x55,0x65,0x55,0x95,0x41,0x55,0x55,0x55,0x55,0x16,0x45,0x45,0x55,0x55,0x55,0x55,0x55,
0x41,0x49,0x55,0x44,0x45,0x54,0x55,0x55,0x56,0x55,0x45,0x64,0x55,0x58,0x55,0x55,0x16,0x51,0x15,0x51,0x55,0x59,0x55,0x55,0x51,0x55,0x55,0x50,0x55,0x54,0x55,0x55,
0x65,0x14,0x58,0x55,0x55,0x55,0x55,0x55,0x55,0x45,0x59,0x54,0x54,0x14,0x55,0x55,0x95,0x55,0x19,0x55,0x55,0x54,0x55,0x55,0x51,0x56,0x95,0x65,0x54,0x55,0x55,0x55,
0x45,0x55,0x55,0x55,0x55,0x54,0x59,0x55,0x45,0x56,0x45,0x59,0x55,0x55,0x55,0x55,0x55,0x55,0x15,0x19,0x54,0x55,0x65,0x55,0x55,0x55,0x15,0x15,0x55,0x59,0x55,0x55,
0x50,0x85,0x56,0x55,0x55,0x55,0x55,0x55,0x55,0x55,0x55,0x55,0x54,0x59,0x55,0x55,0x15,0x55,0x42,0x55,0x54,0x55,0x55,0x55,0x55,0x55,0x45,0x58,0x44,0x59,0x59,0x56,
0x56,0x65,0x50,0x55,0x44,0x55,0x59,0x55,0x55,0x95,0x19,0x51,0x45,0x45,0x56,0x59,0x55,0x55,0x59,0x14,0x54,0x54,0x55,0x55,0x55,0x54,0x95,0x65,0x55,0x19,0x55,0x55,
0x55,0x54,0x55,0x55,0x55,0x55,0x56,0x55,0x95,0x11,0x91,0x15,0x55,0x55,0x65,0x55,0x45,0x51,0x62,0x15,0x45,0x59,0x55,0x59,0x15,0x15,0x55,0x55,0x55,0x55,0x56,0x55,
0x55,0x51,0x92,0x50,0x54,0x55,0x59,0x55,0x65,0x55,0x55,0x55,0x45,0x55,0x55,0x55,0x55,0x5,0x45,0x51,0x55,0x55,0x55,0x55,0x61,0x54,0x14,0x55,0x15,0x55,0x55,0x55,
0x51,0x55,0x55,0x51,0x55,0x55,0x55,0x55,0x55,0x55,0x64,0x5,0x54,0x55,0x55,0x55,0x56,0x55,0x55,0x56,0x44,0x54,0x55,0x59,0x55,0x55,0x64,0x56,0x54,0x54,0x55,0x55,
0x55,0x55,0x41,0x56,0x55,0x59,0x65,0x65,0x16,0x45,0x55,0x56,0x55,0x55,0x95,0x55,0x51,0x98,0x55,0x55,0x54,0x55,0x55,0x55,0x55,0x55,0x15,0x59,0x55,0x59,0x55,0x55,
0x25,0x55,0x65,0x55,0x50,0x54,0x65,0x55,0x55,0x56,0x55,0x52,0x55,0x55,0x55,0x55,0x54,0x56,0x65,0x55,0x55,0x48,0x55,0x55,0x55,0x56,0x66,0x55,0x55,0x59,0x95,0x55,
0x95,0x94,0x56,0x65,0x51,0x54,0x66,0x55,0x45,0x15,0x55,0x95,0x55,0x55,0x65,0x55,0x15,0x45,0x45,0x54,0x55,0x54,0x55,0x55,0x55,0x95,0x55,0x58,0x55,0x54,0x55,0x55,
0x55,0x65,0x46,0x54,0x41,0x65,0x55,0x55,0x56,0x55,0x51,0x58,0x54,0x55,0x55,0x55,0x61,0x55,0x61,0x55,0x55,0x54,0x55,0x55,0x59,0x91,0x52,0x59,0x55,0x55,0x55,0x55,
0x61,0x56,0x55,0x59,0x51,0x54,0x55,0x59,0x45,0x5,0x55,0x55,0x51,0x54,0x55,0x55,0x19,0x15,0x55,0x55,0x45,0x55,0x55,0x56,0x91,0x15,0x54,0x56,0x58,0x54,0x59,0x55,
0x15,0x55,0x51,0x56,0x59,0x55,0x55,0x55,0x55,0x55,0x49,0x56,0x14,0x55,0x55,0x55,0x59,0x55,0x59,0x45,0x55,0x55,0x55,0x55,0x54,0x51,0x55,0x45,0x55,0x54,0x55,0x55,
0x55,0x55,0x55,0x55,0x45,0x55,0x55,0x55,0x51,0x45,0x15,0x49,0x54,0x55,0x55,0x55,0x55,0x54,0x56,0x55,0x40,0x51,0x55,0x55,0x55,0xa5,0x51,0x52,0x64,0x55,0x55,0x55,
0x51,0x55,0x55,0x51,0x15,0x55,0x55,0x55,0x45,0x54,0x58,0x51,0x65,0x59,0x55,0x55,0x55,0x55,0x55,0x51,0x55,0x55,0x55,0x55,0x15,0x15,0x55,0x55,0x54,0x55,0x5a,0x55,
0x55,0x55,0x55,0x55,0x51,0x54,0x55,0x55,0x65,0x69,0x55,0x45,0x55,0x59,0x55,0x55,0x55,0x55,0x45,0x45,0x65,0x55,0x55,0x55,0x55,0x55,0x45,0x51,0x51,0x55,0x65,0x55,
0x54,0x55,0x95,0x51,0x55,0x59,0x55,0x55,0x15,0x54,0x59,0x51,0x55,0x55,0x55,0x55,0xa5,0x55,0x54,0x15,0x69,0x55,0x55,0x55,0x59,0x55,0x55,0x55,0x28,0x55,0x55,0x55,
0x55,0x55,0x45,0x55,0x54,0x51,0x55,0x55,0x55,0x54,0x5,0x41,0x54,0x54,0x55,0x55,0x51,0x55,0x45,0x55,0x55,0x55,0x95,0x55,0x51,0x54,0x15,0x15,0x55,0x54,0x55,0x55,
0x55,0x52,0x51,0x55,0x65,0x55,0x55,0x55,0x56,0x54,0x46,0x55,0x58,0x55,0x55,0x55,0x45,0x55,0x16,0x55,0x65,0x55,0x55,0x55,0x55,0x55,0x65,0x55,0x54,0x55,0x55,0x55,
0x55,0x60,0x65,0x51,0x65,0x55,0x95,0x55,0x65,0xa5,0x65,0x55,0x64,0x55,0x65,0x55,0x55,0x51,0x55,0x55,0x55,0x55,0x55,0x55,0x55,0x15,0x55,0x55,0x65,0x55,0x55,0x55,
0x51,0x56,0x55,0x55,0x65,0x55,0x55,0x55,0x50,0x15,0x95,0x55,0x65,0x55,0x55,0x55,0x65,0x55,0x46,0x55,0x54,0x65,0x65,0x55,0x95,0x55,0x65,0x55,0x55,0x55,0x55,0x55,
0x55,0x55,0x55,0x55,0x55,0x55,0x55,0x55,0x55,0x1,0x59,0x11,0x65,0x55,0x55,0x55,0x55,0x95,0x55,0x51,0x55,0x55,0x55,0x55,0x45,0x50,0x55,0x45,0x59,0x55,0x55,0x55,
0x46,0x55,0x44,0x54,0x58,0x51,0x55,0x55,0x69,0x55,0x45,0x14,0x55,0x51,0x65,0x55,0x55,0x54,0x55,0x55,0x55,0x65,0x55,0x65,0x54,0x95,0x99,0x15,0x65,0x55,0x59,0x55,
0x4,0x55,0x95,0x51,0x55,0x55,0x56,0x55,0x59,0x55,0x54,0x54,0x55,0x55,0x55,0x55,0x55,0x45,0x54,0x55,0x65,0x55,0x55,0x56,0x45,0x55,0x95,0x15,0x65,0x15,0x65,0x55,
0x95,0x55,0x55,0x55,0x55,0x61,0x55,0x55,0x55,0x58,0x59,0x55,0x55,0x55,0x55,0x55,0x55,0x55,0x46,0x44,0x65,0x55,0x55,0x55,0x95,0x55,0x55,0x55,0x55,0x55,0x65,0x55,
0x55,0x54,0x55,0x54,0x69,0x51,0x55,0x55,0x65,0x5,0x45,0x95,0x65,0x55,0x55,0x55,0x48,0x55,0x55,0x45,0x65,0x55,0x95,0x55,0x55,0x55,0x55,0x45,0x65,0x61,0x55,0x55,
0x51,0x55,0x51,0x55,0x55,0x15,0xa5,0x55,0x55,0x55,0x82,0x55,0x69,0x55,0x55,0x55,0x55,0x86,0x41,0x45,0x55,0x51,0x55,0x55,0x65,0x15,0x55,0x45,0x55,0x51,0x55,0x55,
0x50,0x95,0x45,0x45,0x55,0x61,0x55,0x55,0x55,0x55,0x55,0x55,0x55,0x51,0x95,0x55,0x61,0x45,0x55,0x51,0x55,0x55,0x65,0x55,0x5,0x66,0x55,0x56,0x55,0x55,0x55,0x55,
0x15,0x25,0x51,0x55,0x55,0x51,0x55,0x55,0x59,0x69,0x15,0x45,0x55,0x65,0x55,0x55,0x51,0x49,0x45,0x55,0x15,0x51,0x55,0x55,0x95,0x15,0x55,0x6,0x15,0x55,0x55,0x55,
0x66,0x55,0x56,0x15,0x55,0x51,0x55,0x55,0x55,0x55,0x5,0x95,0x55,0x55,0x55,0x55,0x15,0x11,0x55,0x54,0x59,0x55,0x55,0x55,0x55,0x51,0x55,0x55,0x59,0x55,0x55,0x55,
0x45,0x55,0x55,0x94,0x55,0x55,0x55,0x55,0x95,0x15,0x55,0x94,0x55,0x65,0x59,0x56,0x61,0x55,0x51,0xa1,0x55,0x55,0x55,0x55,0x15,0x55,0x55,0x65,0x51,0x55,0x55,0x59,
0x55,0x55,0x55,0x54,0x51,0x55,0x58,0x65,0x55,0x55,0x14,0x55,0x51,0x61,0x65,0x65,0x66,0x69,0x55,0x95,0x55,0x55,0x55,0x55,0x16,0x14,0x55,0x5a,0x51,0x55,0x55,0x59,
0x44,0x65,0x54,0x65,0x11,0x51,0x55,0x56,0x56,0x95,0x51,0x55,0x51,0x55,0x55,0x55,0x55,0x45,0x15,0x54,0x55,0x51,0x55,0x55,0x55,0x56,0x55,0x56,0x11,0x55,0x59,0x55,
0x46,0x56,0x56,0x95,0x15,0x55,0x55,0x55,0x55,0x56,0x16,0x95,0x55,0x65,0x55,0x55,0x55,0x56,0x15,0x65,0x55,0x15,0x95,0x55,0x55,0x55,0x59,0x65,0x51,0x55,0x95,0x55,
0x55,0x91,0x59,0x55,0x55,0x55,0x55,0x55,0x55,0x55,0x55,0x65,0x55,0x51,0x59,0x55,0x55,0x59,0x15,0x55,0x55,0x51,0x55,0x55,0x54,0x15,0x64,0x55,0x54,0x55,0x55,0x56,
0x55,0x55,0x65,0x55,0x11,0x55,0x55,0x55,0x45,0x51,0x65,0x55,0x11,0x55,0x55,0x55,0x5a,0x46,0x55,0x56,0x55,0x55,0x95,0x55,0x54,0x51,0x95,0x51,0x55,0x51,0x95,0x55,
0x55,0x56,0x55,0x56,0x51,0x55,0x55,0x55,0x16,0x5,0x85,0x56,0x55,0x51,0x55,0x55,0x55,0x55,0x18,0x55,0x50,0x65,0x55,0x55,0x45,0x15,0x15,0x55,0x51,0x55,0x55,0x55,
0x54,0x45,0x45,0x55,0x55,0x15,0x55,0x55,0x55,0x55,0x19,0x54,0x15,0x51,0x55,0x55,0x91,0x54,0x15,0x44,0x55,0x55,0x55,0x55,0x55,0x19,0x55,0x50,0x51,0x51,0x55,0x55,
0x55,0x55,0x55,0x54,0x51,0x65,0x55,0x55,0x51,0x55,0x51,0x45,0x55,0x55,0x55,0x55,0x55,0x52,0x55,0x55,0x51,0x55,0x95,0x59,0x51,0x55,0x55,0x54,0x55,0x51,0x65,0x55,
0x69,0x55,0x51,0x59,0x15,0x51,0x59,0x55,0x56,0x95,0x15,0x55,0x55,0x55,0x65,0x55,0x95,0x55,0x55,0x45,0x55,0x54,0x55,0x55,0x49,0x55,0x44,0x55,0x51,0x55,0x55,0x55,
0x51,0x54,0x55,0x95,0x55,0x65,0x55,0x55,0x56,0x52,0x55,0x65,0x10,0x51,0x95,0x55,0x25,0x55,0x45,0x56,0x55,0x55,0x95,0x55,0x54,0x51,0x54,0x95,0x51,0x45,0x59,0x55,
0x51,0x59,0x95,0x95,0x55,0x65,0x55,0x55,0x15,0x55,0x95,0x41,0x55,0x55,0x65,0x55,0x46,0x54,0x94,0x55,0x55,0x51,0x54,0x55,0x55,0x55,0x95,0x54,0x55,0x55,0x55,0x59,
0x49,0x55,0x94,0x54,0x15,0x51,0x55,0x55,0x55,0x15,0x96,0x95,0x55,0x55,0x69,0x55,0x55,0x55,0x54,0x44,0x15,0x51,0x59,0x56,0x55,0x52,0x54,0x44,0x55,0x55,0x55,0x55,
0x95,0x51,0x45,0x50,0x56,0x20,0x59,0x56,0x56,0x55,0x5,0x41,0x15,0x51,0x55,0x55,0x55,0x14,0x56,0x55,0x55,0x55,0x55,0x55,0x55,0x55,0x19,0x55,0x55,0x61,0x65,0x55,
0x55,0x55,0x59,0x65,0x55,0x55,0x55,0x55,0x55,0x55,0x45,0x94,0x45,0x55,0x55,0x55,0x55,0x59,0x55,0x55,0x55,0x55,0x55,0x55,0x55,0x54,0x55,0x55,0x46,0x55,0xa5,0x55,
0x55,0x64,0x5,0x95,0x51,0x51,0x95,0x55,0x55,0x55,0x55,0xa5,0x55,0x55,0x54,0x55,0x55,0x55,0x55,0x59,0x15,0x55,0x55,0x55,0x64,0x46,0x54,0x55,0x55,0x54,0x65,0x55,
0x45,0x46,0x45,0x65,0x56,0x51,0x55,0x55,0x55,0x54,0x54,0x55,0x66,0x55,0x94,0x55,0x56,0x55,0x15,0x99,0x55,0x55,0x55,0x55,0x55,0x15,0x65,0x64,0x56,0x55,0x55,0x55,
0x55,0x45,0x55,0x65,0x65,0x55,0x55,0x55,0x55,0x55,0x55,0x55,0x55,0x55,0xa5,0x55,0x55,0x45,0x64,0x59,0x55,0x55,0x55,0x55,0x55,0x5,0x54,0x25,0x15,0x55,0x55,0x55,
0x15,0x55,0x55,0x15,0x10,0x55,0x55,0x55,0x55,0x15,0x64,0x54,0x14,0x51,0x55,0x55,0x51,0x95,0x45,0x55,0x65,0x55,0x55,0x55,0x56,0x55,0x55,0x55,0x51,0x24,0x55,0x55,
0x54,0x55,0x45,0x55,0x51,0x55,0x55,0x55,0x54,0x55,0x55,0x59,0x50,0x55,0x55,0x55,0x41,0x95,0x55,0x54,0x55,0x55,0x55,0x55,0x12,0x94,0x65,0x55,0x95,0x55,0x55,0x55,
0x5,0x55,0x45,0x44,0x55,0x54,0x95,0x55,0x95,0x55,0x55,0x15,0x41,0x55,0x95,0x55,0x55,0x55,0x5,0x55,0x91,0x55,0x55,0x55,0x51,0xa5,0x55,0x19,0x45,0x54,0x55,0x55,
0x46,0x15,0x55,0x5,0x51,0x51,0xa5,0x55,0x55,0x54,0x26,0x55,0x51,0x55,0x55,0x55,0x54,0x59,0x65,0x59,0xa5,0x55,0x55,0x55,0x55,0x51,0x15,0x55,0x50,0x15,0x59,0x55,
0x56,0x95,0x54,0x5,0x61,0x55,0x55,0x56,0x54,0x55,0x55,0x55,0x51,0x55,0x55,0x55,0x95,0x55,0x95,0x55,0x55,0x55,0x55,0x55,0x55,0x51,0x81,0x5,0x91,0x51,0x55,0x55,
0x55,0x55,0x55,0x15,0xa5,0x54,0x55,0x55,0x65,0x54,0x44,0x51,0x51,0x55,0x55,0x55,0x55,0x55,0x50,0x44,0x51,0x55,0x55,0x55,0x56,0x55,0x55,0x55,0x91,0x55,0x55,0x55,
0x51,0x55,0x55,0x55,0x65,0x55,0x58,0x55,0x56,0x59,0x59,0x41,0xa5,0x55,0x95,0x55,0x59,0x45,0x45,0x54,0x55,0x55,0x55,0x55,0x55,0x65,0x9,0x54,0xa5,0x55,0x55,0x55,
0x11,0x25,0x8,0x45,0x55,0x54,0x55,0x55,0x55,0x65,0x59,0x51,0x65,0x54,0x55,0x55,0x65,0x58,0x51,0x50,0x65,0x55,0x95,0x55,0x15,0x55,0x55,0x55,0x95,0x55,0x55,0x55,
0x54,0x51,0x95,0x55,0x95,0x55,0x55,0x55,0x5,0x15,0x95,0x55,0x55,0x55,0x55,0x55,0x54,0x55,0x85,0x45,0x95,0x95,0x54,0x55,0x65,0x51,0x55,0x55,0x95,0x95,0x95,0x55,
0x45,0x18,0x55,0x55,0x55,0x55,0x55,0x55,0x55,0x55,0x54,0x46,0x51,0x95,0x55,0x55,0x45,0x85,0x45,0x56,0x65,0x95,0x55,0x55,0x55,0x55,0x56,0x44,0x55,0x51,0x55,0x95,
0x55,0x55,0x95,0x55,0x55,0x55,0x55,0x55,0x55,0x55,0x92,0x45,0x95,0x45,0x55,0x95,0x55,0x55,0x61,0x55,0x55,0x55,0x55,0x56,0x55,0x55,0x55,0x54,0x95,0x95,0x55,0x55,
0x45,0x59,0x56,0x55,0x65,0x55,0x65,0x55,0x55,0x51,0x55,0x45,0x95,0x55,0x55,0x55,0x65,0x5,0x15,0x55,0x55,0x95,0x55,0x55,0x85,0x55,0x15,0x15,0x55,0x95,0x55,0x55,
0x55,0x56,0x55,0x56,0x95,0x55,0x55,0x55,0x51,0x55,0x16,0x56,0x54,0x55,0x55,0x55,0x55,0x55,0x56,0x56,0x55,0x55,0x55,0x55,0x55,0x5a,0x16,0x16,0x95,0x41,0x55,0x55,
0x55,0x54,0x55,0x55,0x55,0x55,0x65,0x55,0x15,0x50,0x55,0x56,0x95,0x55,0x65,0x55,0x15,0x54,0x94,0x55,0x95,0x55,0x55,0x55,0x45,0x55,0x55,0x55,0x95,0x41,0x55,0x55,
0x55,0x41,0x55,0x41,0x55,0x55,0x55,0x56,0x45,0x51,0x91,0x51,0x55,0x55,0x54,0x55,0x54,0x51,0x51,0x15,0x95,0x85,0x55,0x56,0x55,0x65,0x55,0x15,0x55,0x45,0x51,0x55,
0x56,0x55,0x44,0x55,0x55,0x55,0x55,0x55,0x55,0x51,0x14,0x51,0x56,0x55,0x55,0x55,0x55,0x55,0x14,0x55,0x96,0x55,0x55,0x55,0x46,0x55,0x45,0x52,0x66,0x44,0x55,0x55,
0x65,0x55,0x5,0x55,0x66,0x54,0x55,0x56,0x15,0x55,0x15,0x52,0x96,0x54,0x65,0x55,0x55,0x55,0x55,0x51,0x95,0x54,0x55,0x55,0x14,0x11,0x55,0x56,0x95,0x45,0x55,0x95,
0x55,0x59,0x45,0x56,0x95,0x95,0x55,0x55,0x85,0x55,0x15,0x51,0x95,0x90,0x95,0x55,0x55,0x54,0x55,0x51,0x95,0x45,0x65,0x56,0x11,0x16,0x16,0x55,0x55,0x95,0x54,0x55,
0x54,0x45,0x55,0x55,0x55,0x54,0x55,0x55,0x14,0x45,0x56,0x6,0x55,0x95,0x55,0x55,0x51,0x55,0x55,0x55,0x55,0x55,0x55,0x55,0x54,0x55,0x56,0x14,0x55,0x45,0x55,0x55,
0x15,0x55,0x55,0x19,0x65,0x55,0x55,0x55,0x99,0x94,0x55,0x45,0x55,0x85,0x55,0x55,0x55,0x55,0x55,0x58,0x55,0x55,0x55,0x55,0x56,0x55,0x58,0x55,0x14,0x55,0x55,0x55,
0x65,0x45,0x55,0x49,0x54,0x95,0x65,0x55,0x58,0x4a,0x45,0x55,0x54,0x45,0x95,0x55,0x15,0x65,0x45,0x45,0x54,0x95,0x55,0x55,0x55,0x55,0x54,0x54,0x55,0x54,0x95,0x65,
0x55,0x55,0x54,0x45,0x54,0x55,0x55,0x55,0x96,0x55,0x55,0x55,0x55,0x55,0x55,0x55,0x25,0x55,0x15,0x55,0x55,0x45,0x95,0x55,0x55,0x55,0x55,0x41,0x16,0x55,0x55,0x55,
0x55,0x46,0x45,0x55,0x55,0x55,0x95,0x55,0x15,0x56,0x51,0x11,0x56,0x55,0x55,0x55,0x55,0x55,0x51,0x55,0x56,0x45,0x55,0x55,0x55,0x56,0x44,0x45,0x55,0x54,0x95,0x55,
0x66,0x55,0x55,0x55,0x45,0x55,0x65,0x95,0x45,0x55,0x54,0x55,0x46,0x45,0x95,0x55,0x55,0x10,0x55,0x95,0x45,0x54,0x55,0x55,0x55,0x59,0x55,0x41,0x41,0x55,0x55,0x65,
0x55,0x45,0x45,0x55,0x55,0x95,0x55,0x65,0x55,0x55,0x54,0x54,0x42,0x45,0x55,0x55,0x59,0x45,0x55,0x55,0x55,0x55,0x65,0x55,0x55,0x55,0x55,0x65,0x56,0x45,0x55,0x55,
0x14,0x55,0x95,0x64,0x46,0x95,0x95,0x56,0x55,0x56,0x55,0x98,0x55,0x55,0x55,0x55,0x55,0x45,0x45,0x95,0x45,0x55,0x55,0x55,0x55,0x51,0x55,0x95,0x45,0x45,0x55,0x55,
0x55,0x45,0x46,0x99,0x46,0x55,0x55,0x55,0x55,0x55,0x55,0x64,0x41,0x45,0x55,0x55,0x55,0x55,0x55,0x64,0x55,0x55,0x55,0x55,0x51,0x51,0x69,0x54,0x55,0x44,0x55,0x55,
0x55,0x55,0x95,0x54,0x55,0x55,0x55,0x55,0x55,0x51,0x55,0x51,0x45,0x55,0x95,0x55,0x56,0x55,0x55,0x98,0x55,0x54,0x55,0x55,0x55,0x45,0x65,0x59,0x55,0x94,0x55,0x56,
0x55,0x40,0x65,0x95,0x55,0x55,0x65,0x56,0x55,0x15,0x15,0x94,0x41,0x54,0x55,0x55,0x55,0x55,0x96,0x55,0x85,0x45,0x55,0x55,0x54,0x55,0x50,0x15,0x41,0x55,0x55,0x59,
0x55,0x55,0x65,0x55,0x55,0x55,0x64,0x55,0x56,0x55,0x58,0x59,0x51,0x55,0x55,0x55,0x59,0x55,0x45,0x55,0x55,0x85,0x55,0x55,0x55,0x55,0x55,0x19,0x55,0x45,0x55,0x55,
0x54,0x51,0x95,0x59,0x55,0x55,0x55,0x56,0x41,0x49,0x51,0x55,0x45,0x44,0x55,0x55,0x41,0x55,0x55,0x56,0x45,0x54,0x55,0x55,0x56,0x15,0x51,0x59,0x45,0x94,0x55,0x55,
0x55,0x55,0x21,0x18,0x46,0x55,0x55,0x55,0x15,0x51,0x55,0x59,0x55,0x44,0x55,0x55,0x66,0x90,0x24,0x44,0x45,0x44,0x95,0x56,0x55,0x55,0x55,0x54,0x55,0x55,0x95,0x55,
0x55,0x16,0x55,0x51,0x45,0x55,0x55,0x55,0x15,0x50,0x55,0x15,0x51,0x55,0x65,0x55,0x61,0x5a,0x46,0x55,0x55,0x55,0x55,0x56,0x51,0xa0,0x55,0x51,0x55,0x55,0x95,0x55,
0x19,0x45,0x44,0x11,0x55,0x55,0x55,0x55,0x55,0x95,0x55,0x55,0x55,0x55,0x55,0x55,0x55,0x59,0x55,0x11,0x45,0x55,0x54,0x55,0x95,0x55,0x95,0x15,0x55,0x45,0x55,0x56,
0x55,0x41,0x55,0x55,0x55,0x55,0x55,0x59,0x15,0x55,0x55,0x65,0x45,0x55,0x55,0x55,0x55,0x55,0x51,0x11,0x45,0x55,0x55,0x55,0x15,0x55,0x56,0x65,0x55,0x44,0x54,0x55,
0x55,0x55,0x56,0x65,0x55,0x54,0x55,0x55,0x55,0x45,0x54,0x54,0x55,0x55,0x65,0x55,0xa2,0x15,0x15,0x65,0x55,0x95,0x55,0x55,0x25,0x51,0x55,0x55,0x55,0x55,0x65,0x55,
0x55,0x55,0x19,0x95,0x55,0x45,0x55,0x55,0x55,0x55,0x15,0x55,0x55,0x45,0x55,0x55,0x51,0x51,0x54,0x55,0x5,0x55,0x55,0x55,0x54,0x55,0x55,0x55,0x55,0x45,0x55,0x56,
0x59,0x56,0x45,0x96,0x55,0x45,0x55,0x56,0x14,0x65,0x55,0x55,0x55,0x55,0x55,0x95,0x55,0x66,0x55,0x56,0x55,0x45,0x55,0x55,0x55,0x65,0x55,0x15,0x55,0x95,0x55,0x55,
0x55,0x55,0x55,0x52,0x55,0x95,0x55,0x55,0x15,0x45,0x54,0x55,0x55,0x55,0x55,0x55,0x64,0x55,0x65,0x11,0x55,0x55,0x55,0xa6,0x51,0x15,0x15,0x12,0x55,0x94,0x55,0x55,
0x49,0x49,0x55,0x55,0x45,0x85,0x55,0x55,0x51,0x94,0x55,0x55,0x45,0x45,0x55,0x55,0x45,0x55,0x54,0x41,0x45,0x55,0x55,0x55,0x95,0x55,0x55,0x45,0x55,0x55,0x55,0x56,
0x65,0x19,0x55,0x50,0x45,0x55,0x55,0x55,0x54,0x55,0x55,0x94,0x45,0x41,0x55,0x55,0x15,0x54,0x56,0x51,0x55,0x45,0x51,0x55,0x51,0x65,0x55,0x85,0x16,0x54,0x55,0x55,
0x61,0x55,0x55,0x95,0x55,0x55,0x96,0x59,0x55,0x55,0x55,0x55,0x55,0x55,0x55,0x56,0x51,0x55,0x55,0x55,0x45,0x95,0x95,0x56,0x41,0x52,0x65,0x55,0x5,0x45,0x55,0x55,
0x15,0x55,0x65,0x95,0x59,0x55,0x55,0x55,0x55,0x50,0x45,0xa5,0x55,0x55,0x55,0x96,0x11,0x95,0x54,0x95,0x55,0x45,0x55,0x59,0x50,0x49,0x50,0x95,0x55,0x55,0x55,0x55,
0x55,0x55,0x55,0x55,0x45,0x55,0x95,0x55,0x51,0x55,0x52,0x95,0x4a,0x55,0x55,0x55,0x15,0x55,0x45,0x55,0x4a,0x54,0x55,0x55,0x55,0x55,0x15,0x95,0x55,0x44,0x55,0x55,
0x51,0x50,0x54,0x95,0x95,0x55,0x51,0x55,0x45,0x54,0x55,0x64,0x55,0x45,0x55,0x55,0x44,0x55,0x94,0xa5,0x55,0x55,0x55,0x55,0x95,0x15,0x45,0x55,0x55,0x55,0x55,0x55,
0x55,0x55,0x95,0x55,0x55,0x55,0x55,0x56,0x65,0x55,0x95,0x51,0x55,0x84,0x55,0x56,0x95,0x59,0x51,0x95,0x55,0x45,0x55,0x55,0x15,0x45,0x94,0x55,0x55,0x45,0x65,0x55,
0x55,0x55,0x10,0x55,0x55,0x55,0x55,0x55,0x55,0x65,0x55,0x55,0x54,0x95,0x51,0x55,0x55,0x51,0x50,0x55,0x45,0x95,0x55,0x55,0x11,0x51,0x94,0x55,0x5,0x45,0x55,0x55,
0x45,0x15,0x46,0x51,0x55,0x85,0x55,0x55,0x55,0x55,0x5,0x15,0x55,0x55,0x95,0x55,0x15,0x59,0x96,0x11,0x44,0x55,0x55,0x55,0x15,0x95,0x55,0x25,0x54,0x55,0x55,0x55,
0x55,0x55,0x55,0x15,0x51,0x55,0x95,0x55,0x55,0x55,0x55,0x55,0x55,0x56,0x56,0x55,0x65,0x55,0x55,0x11,0x55,0x55,0x55,0x55,0x45,0x55,0x15,0x11,0x54,0x55,0x55,0x55,
0x44,0x54,0x55,0x55,0x54,0x56,0x55,0x55,0x55,0x52,0x59,0x65,0x14,0x55,0x54,0x55,0x55,0x55,0x59,0x14,0x5,0x55,0x55,0x55,0x55,0x51,0x55,0x55,0x5,0x92,0x55,0x59,
0x55,0x52,0x55,0x55,0x55,0x55,0x55,0x55,0x51,0x54,0x94,0x55,0x14,0x96,0x55,0x55,0x55,0x55,0x55,0x55,0x45,0x51,0x94,0x55,0x95,0x45,0x54,0x15,0x55,0x95,0x55,0x55,
0xa1,0x95,0x45,0x14,0x45,0x56,0x55,0x55,0x55,0x55,0x51,0x54,0x55,0x52,0x51,0x55,0x55,0x15,0x52,0x55,0x95,0x56,0x55,0x55,0x55,0x51,0x51,0x11,0x55,0x55,0x55,0x55,
0x51,0x55,0x51,0x15,0x55,0x55,0x55,0x55,0x55,0x55,0x55,0x51,0x55,0x46,0x55,0x95,0x55,0x56,0x55,0x55,0x85,0x55,0x55,0x55,0xa9,0x55,0x10,0x45,0x55,0x55,0x55,0x56,
0x11,0x55,0x55,0x95,0x95,0x55,0x55,0x56,0x55,0x54,0x45,0x55,0x95,0x51,0x54,0x55,0x51,0x55,0x51,0x55,0x45,0x45,0x55,0x55,0x54,0x55,0x55,0x54,0x54,0x55,0x55,0x55,
0x55,0x54,0x41,0x55,0x55,0x56,0x55,0x55,0x55,0x55,0x44,0x54,0x55,0x55,0x55,0x55,0x55,0x5,0x55,0x54,0x45,0x56,0x55,0x55,0x55,0x55,0x55,0x50,0x55,0x55,0x55,0x55,
0x91,0x55,0x55,0x54,0x45,0x55,0x55,0x55,0x55,0x94,0x55,0x45,0x55,0x55,0x55,0x55,0x65,0x5a,0x11,0x55,0x45,0x55,0x54,0x55,0x55,0x91,0x54,0x45,0x51,0x55,0x55,0x55,
0x94,0x45,0x50,0x2,0x41,0x55,0x55,0x55,0x55,0xa5,0x66,0x55,0x55,0x55,0x55,0x55,0x46,0x55,0x52,0x45,0x55,0x56,0x55,0x55,0x51,0x55,0x65,0x56,0x45,0x55,0x55,0x55,
0x55,0x94,0x54,0x52,0x55,0x55,0x55,0x55,0x55,0x15,0x59,0x5a,0x55,0x95,0x55,0x55,0x55,0x15,0x55,0x56,0x45,0x55,0x55,0x55,0x15,0x55,0x55,0x55,0x55,0x15,0x51,0x55,
0x41,0x55,0x55,0x59,0x45,0x56,0x55,0x55,0x55,0x54,0x51,0x55,0x55,0x55,0x55,0x95,0x55,0x55,0x55,0x59,0x41,0x55,0x65,0x55,0x45,0x55,0x46,0x15,0x85,0x55,0x55,0x5a,
0x55,0x15,0x55,0x58,0x85,0x55,0x55,0x55,0x15,0x55,0x29,0x55,0x95,0x11,0x55,0x55,0x65,0x55,0x69,0x55,0x55,0x55,0x56,0x95,0x54,0x55,0x55,0x55,0x45,0x55,0x55,0x55,
0x51,0x16,0x55,0x55,0x55,0x55,0x55,0x55,0x59,0x55,0x55,0x15,0x55,0x55,0x55,0x55,0x95,0x55,0x55,0x15,0x55,0x42,0x55,0x56,0x55,0x54,0x55,0x51,0x55,0x52,0x55,0x55,
0x55,0x95,0x95,0x51,0x45,0x56,0x95,0x55,0x51,0x55,0x55,0x55,0x55,0x55,0x51,0x55,0x55,0x15,0x55,0x55,0x45,0x51,0x55,0x55,0x51,0x55,0x55,0x54,0x55,0x55,0x51,0x55,
0x55,0x96,0x55,0x51,0x54,0x55,0x55,0x95,0x55,0x54,0x55,0x15,0x55,0x55,0x55,0x55,0x14,0x56,0x54,0x54,0x55,0x55,0x56,0x55,0x44,0x45,0x55,0x59,0x55,0x5,0x55,0x59,
0x55,0x55,0x95,0x55,0x91,0x56,0xa5,0x55,0x55,0x65,0x59,0x54,0x55,0x55,0x55,0x55,0x55,0x55,0x95,0x59,0x55,0x15,0x95,0x55,0x15,0x51,0x95,0x55,0x55,0x55,0x55,0x55,
0x55,0x55,0x55,0x55,0x55,0x55,0x55,0x55,0x94,0x51,0x51,0x55,0x55,0x16,0x52,0x56,0x91,0x51,0x42,0x55,0x55,0x55,0x55,0x55,0x65,0x54,0x54,0x55,0x55,0x45,0x55,0x55,
0x65,0x46,0x15,0x55,0x55,0x51,0x55,0x55,0x15,0x55,0x55,0x59,0x51,0x55,0x56,0x55,0x55,0x19,0x55,0x49,0x54,0x55,0x55,0x95,0x95,0x55,0x55,0x55,0x55,0x56,0x55,0x55,
0x41,0x55,0x55,0x55,0x55,0x51,0x55,0x55,0x11,0x19,0x15,0x59,0x54,0x56,0x55,0x59,0x55,0x55,0x51,0x45,0x55,0x15,0x95,0x59,0x55,0x95,0x55,0x54,0x95,0x52,0x55,0x55,
0x15,0x15,0xa1,0x44,0x59,0x15,0x55,0x66,0x55,0x19,0x92,0x55,0x55,0x15,0x95,0x55,0x65,0x55,0x52,0x45,0x59,0x56,0x56,0x55,0x61,0x95,0x55,0x55,0x59,0x55,0x55,0x55,
0x95,0x95,0x55,0x44,0x55,0x56,0x55,0x55,0x96,0x55,0x54,0x54,0x99,0x16,0x55,0x55,0x59,0x55,0x55,0x55,0x55,0x56,0x56,0x55,0x45,0x45,0x55,0x55,0x95,0x15,0x55,0x95,
0x50,0x15,0x51,0x59,0x94,0x56,0x56,0x55,0x54,0x66,0x55,0x55,0x55,0x56,0x55,0x55,0x59,0x55,0x15,0x59,0x55,0x56,0x95,0x55,0x99,0x52,0x19,0x45,0x95,0x56,0x95,0x55,
0x51,0x55,0x55,0x59,0x55,0x15,0x55,0x55,0x55,0x55,0x55,0x59,0x55,0x15,0x55,0x55,0x55,0x51,0x51,0x49,0x55,0x45,0x55,0x55,0x55,0x55,0x55,0x45,0x54,0x15,0x55,0x55,
0x55,0x55,0x51,0x55,0x98,0x51,0x55,0x55,0x96,0x55,0x54,0x51,0x55,0x55,0x55,0x55,0x54,0x55,0x55,0x55,0x54,0x15,0x55,0x59,0x55,0x55,0x55,0x55,0x54,0x55,0x55,0x55,
0x14,0x54,0x55,0x55,0x55,0x55,0x55,0x55,0x55,0x56,0x55,0x65,0x95,0x55,0x95,0x55,0x5,0x14,0x55,0x11,0x55,0x55,0x56,0x55,0x90,0x59,0x55,0x55,0x51,0x51,0x55,0x55,
0x55,0xa5,0x56,0x51,0x55,0x15,0x95,0x56,0x45,0x55,0x56,0x55,0x51,0x15,0x55,0x55,0x59,0xa5,0x54,0x55,0x55,0x55,0x55,0x55,0x11,0x55,0x55,0x55,0x55,0x15,0x55,0x59,
0x15,0x89,0x55,0x24,0x54,0x15,0x55,0x56,0x51,0x55,0x55,0x15,0x50,0x55,0x56,0x55,0x55,0x55,0x56,0x55,0x55,0x55,0x55,0x55,0x65,0x55,0x55,0x25,0x55,0x51,0x96,0x55,
0x95,0x55,0x62,0x55,0x55,0x55,0x45,0x55,0x55,0x56,0x55,0x55,0x54,0x15,0x55,0x55,0x55,0x55,0x55,0x55,0x95,0x55,0x55,0x55,0x45,0x55,0x45,0x55,0x55,0x55,0x51,0x55,
0x65,0x55,0x55,0x44,0x55,0x55,0x55,0x95,0x66,0x55,0x51,0x5,0x45,0x15,0x55,0x55,0xa5,0x55,0x51,0x56,0x59,0x55,0x55,0x55,0x98,0x5a,0x55,0x55,0x58,0x15,0x55,0x55,
0x55,0x55,0x55,0x55,0x15,0x15,0x55,0x55,0x15,0x55,0x55,0x55,0x15,0x55,0x56,0x55,0x55,0x55,0x55,0x55,0x15,0x15,0x56,0x55,0x55,0x55,0x55,0x55,0x15,0x55,0x56,0x55,
0x55,0x65,0x55,0x41,0x19,0x55,0x55,0x55,0x55,0x55,0x55,0x55,0x55,0x15,0x55,0x55,0x56,0x55,0x55,0x55,0x16,0x55,0x56,0x55,0x99,0x55,0x55,0x66,0x56,0x15,0x55,0x55,
0x65,0x5,0x55,0x62,0x49,0x55,0x55,0x56,0xa6,0x55,0x55,0x61,0x16,0x15,0x56,0x55,0x51,0x95,0x15,0x55,0x15,0x55,0x55,0x55,0x45,0x85,0x55,0x65,0x55,0x15,0x55,0x55,
0x55,0x15,0x56,0x51,0x15,0x11,0x55,0x55,0x55,0x45,0x59,0x51,0x55,0x55,0x55,0x55,0x41,0x55,0x55,0x56,0x19,0x55,0x55,0x55,0x55,0x55,0x51,0x85,0x55,0x55,0x55,0x55,
0x55,0x55,0x58,0x55,0x16,0x55,0x56,0x55,0x55,0x45,0x55,0x66,0x45,0x55,0x55,0x55,0x65,0x61,0x55,0x55,0x19,0x55,0x56,0x55,0x56,0x65,0xa1,0x55,0x16,0x55,0x96,0x96,
0x50,0x55,0x59,0x56,0x59,0x51,0x55,0x55,0x11,0x65,0x45,0x56,0x56,0x15,0x56,0x55,0x45,0x66,0x54,0x55,0x55,0x51,0x55,0x55,0x65,0x54,0x59,0x55,0x55,0x51,0x95,0x95,
0x95,0x55,0x56,0x61,0x15,0x55,0x51,0x55,0x15,0x59,0x95,0x55,0x49,0x11,0x55,0x55,0x65,0x54,0x45,0x55,0x15,0x55,0x95,0x59,0x50,0x5,0x95,0x55,0x5a,0x11,0x51,0x55,
0x55,0x55,0x55,0x55,0x15,0x55,0x55,0x55,0x65,0x55,0x65,0x45,0x9,0x15,0x55,0x55,0x90,0x55,0x99,0x45,0x54,0x51,0x55,0x55,0x55,0x15,0x55,0x55,0x44,0x11,0x55,0x55,
0x55,0x51,0x55,0x45,0x54,0x55,0x56,0x95,0x55,0x45,0x15,0x55,0x14,0x55,0x95,0x55,0x55,0x55,0x51,0x56,0x15,0x11,0x56,0x55,0x65,0x45,0x15,0x55,0x45,0x55,0x95,0x55,
0x59,0x55,0x55,0x66,0x15,0x55,0x65,0x55,0x15,0x55,0x55,0x65,0x55,0x51,0x56,0x55,0x51,0x51,0x55,0x65,0x15,0x11,0x95,0x55,0x55,0x59,0x45,0x55,0x5,0x55,0x55,0x55,
0x42,0x55,0x45,0x54,0x55,0x55,0x55,0x95,0x55,0x55,0x54,0x64,0x45,0x51,0x55,0x55,0x59,0x14,0x54,0x54,0x5,0x55,0x95,0x55,0x15,0x55,0x55,0x55,0x55,0x55,0x55,0x55,
0x55,0x55,0x81,0x55,0x55,0x55,0x55,0x59,0x54,0x55,0x41,0x50,0x5,0x15,0x55,0x56,0x64,0x55,0x55,0x51,0x55,0x15,0x55,0x55,0x55,0x49,0x55,0x65,0x54,0x55,0x51,0x55,
0x55,0x59,0x59,0x44,0x55,0x55,0x55,0x55,0x59,0x95,0x55,0x55,0x55,0x15,0x55,0x55,0x56,0x55,0x55,0x55,0x5,0x55,0x55,0x55,0x86,0xa9,0x55,0x11,0x55,0x51,0x55,0x55,
0x65,0x51,0x51,0x41,0x55,0x15,0x55,0x55,0x59,0x55,0x55,0x15,0x15,0x55,0x55,0x95,0x5,0x55,0x15,0x45,0x55,0x55,0x55,0x56,0x55,0x15,0x55,0x45,0x55,0x55,0x55,0x55,
0x56,0x55,0x55,0x55,0x55,0x55,0x85,0x55,0x55,0x65,0x55,0x45,0x55,0x51,0x55,0x55,0x11,0x46,0x55,0x55,0x15,0x51,0x55,0x55,0x55,0x55,0x55,0x45,0x15,0x11,0x56,0x55,
0x55,0x15,0x15,0x55,0x45,0x15,0x56,0x55,0x54,0x52,0x59,0x95,0x54,0x51,0x55,0x55,0xa5,0x55,0x55,0x55,0x45,0x55,0x55,0x55,0x15,0x55,0x55,0x59,0x50,0x15,0x55,0x55,
0x54,0x59,0x5,0xa4,0x15,0x15,0x55,0x55,0x55,0x55,0x55,0x91,0x15,0x55,0x55,0x55,0x55,0x54,0x55,0x45,0x55,0x54,0x55,0x55,0x44,0x55,0x44,0x95,0x5,0x55,0x55,0x55,
0x85,0x44,0x55,0x55,0x51,0x11,0x55,0x55,0x54,0x55,0x15,0x45,0x56,0x51,0x55,0x55,0x54,0x55,0x55,0x55,0x56,0x55,0x55,0x55,0x45,0x51,0x55,0x55,0x45,0x15,0x55,0x55,
0x16,0x45,0x55,0x55,0x56,0x15,0x55,0x56,0x51,0x15,0x51,0x55,0x55,0x15,0x55,0x55,0x59,0x5,0x41,0x59,0x56,0x55,0x55,0x55,0x65,0x85,0x51,0x59,0x15,0x55,0x95,0x55,
0x55,0x64,0x55,0x45,0x15,0x41,0x55,0x55,0x95,0x55,0x55,0x59,0x54,0x51,0x55,0x55,0x55,0x51,0x5,0x59,0x55,0x15,0x55,0x65,0x55,0x55,0x55,0x45,0x55,0x45,0x95,0x56,
0x55,0x45,0x52,0x59,0x5a,0x55,0x51,0x55,0x65,0x56,0x55,0x59,0x55,0x55,0x55,0x55,0x55,0x55,0x55,0x95,0x54,0x55,0x51,0x65,0x54,0x55,0x51,0x55,0x68,0x11,0x96,0x55,
0x55,0x65,0x65,0x55,0x58,0x15,0x45,0x55,0x45,0x61,0x55,0x54,0x55,0x15,0x56,0x65,0x55,0x65,0x55,0x55,0x54,0x15,0x51,0x55,0x51,0x51,0x46,0x85,0x65,0x15,0x55,0x5a,
0x55,0x54,0x55,0x55,0x59,0x15,0x55,0x55,0x55,0x5a,0x55,0x55,0x54,0x55,0x51,0x65,0x55,0x65,0x55,0x41,0x55,0x55,0x55,0x55,0x55,0x55,0x51,0x55,0x59,0x5,0x56,0x55,
0x61,0x59,0x51,0x41,0x56,0x55,0x45,0x55,0x55,0x19,0x69,0x1,0x59,0x11,0x55,0x59,0x55,0x55,0x55,0x15,0x55,0x15,0x99,0x55,0x95,0x95,0x55,0x55,0x55,0x14,0x55,0x55,
0x55,0x55,0x99,0x51,0x16,0x54,0x55,0x59,0x55,0x55,0x55,0x54,0x56,0x55,0x55,0x59,0x51,0x56,0x55,0x55,0x55,0x51,0x55,0x55,0x55,0x55,0x55,0x55,0x55,0x55,0x55,0x55,
0x58,0x55,0x95,0x55,0x65,0x55,0x55,0x55,0x55,0x55,0x65,0x55,0x56,0x15,0x55,0x55,0x11,0x95,0x55,0x55,0x56,0x11,0x55,0x55,0x55,0x59,0x51,0x95,0x55,0x55,0x55,0x55,
0x45,0x45,0x52,0x54,0x55,0x5,0x95,0x55,0x99,0x55,0x41,0x55,0x26,0x55,0x51,0x55,0x46,0x54,0x91,0x94,0x66,0x54,0x55,0x55,0x55,0x65,0x95,0x51,0x56,0x15,0x55,0x55,
0x51,0x51,0x45,0x55,0x55,0x55,0x55,0x55,0x55,0x95,0x14,0x55,0x55,0x15,0x52,0x59,0x55,0x55,0x55,0x55,0x55,0x52,0x55,0x56,0x51,0x60,0x55,0x54,0x55,0x15,0x55,0x55,
0x55,0x55,0x55,0x54,0x55,0x45,0x55,0x55,0x56,0x55,0x55,0x54,0x55,0x55,0x55,0x65,0x65,0x51,0x51,0x55,0x56,0x55,0x55,0x55,0x14,0x55,0x54,0x51,0x55,0x15,0x55,0x59,
0x55,0x55,0x14,0x85,0x15,0x45,0x45,0x55,0x15,0x55,0x55,0x91,0x55,0x55,0x55,0x55,0x55,0x56,0x55,0x51,0x41,0x56,0x55,0x55,0x45,0x19,0x45,0x55,0x55,0x12,0x55,0x55,
0x45,0x56,0x55,0x96,0x52,0x55,0x55,0x55,0x55,0x14,0x45,0x56,0x12,0x55,0x55,0x65,0x55,0x55,0x54,0x51,0x56,0x55,0x55,0x55,0x55,0x95,0x55,0x50,0x51,0x55,0x55,0x65,
0x55,0x55,0x45,0x54,0x15,0x55,0x55,0x56,0x55,0x51,0x45,0x55,0x55,0x14,0x55,0x59,0x55,0x59,0x45,0x46,0x51,0x15,0x55,0x55,0x55,0x54,0x55,0x55,0x51,0x55,0x55,0x59,
0x56,0x56,0x55,0x55,0x15,0x55,0x55,0x56,0x65,0x54,0x54,0x55,0x44,0x15,0x55,0x95,0x51,0x66,0x59,0x54,0x51,0x49,0x95,0x55,0x55,0x55,0x65,0x55,0x11,0x56,0x55,0x95,
0x66,0x54,0x65,0x54,0x55,0x55,0x55,0x55,0x59,0x19,0x45,0x55,0x50,0x19,0x55,0x66,0x55,0x55,0x55,0x55,0x4,0x45,0x55,0x55,0x56,0x55,0x59,0x56,0x50,0x59,0x55,0x55,
0x40,0x45,0x55,0x56,0x10,0x55,0x55,0x55,0x65,0x55,0x45,0x55,0x55,0x16,0x55,0x55,0x54,0x51,0x59,0x55,0x51,0x55,0x55,0x59,0x55,0x55,0x55,0x45,0x51,0x55,0x56,0x55,
0x55,0x5a,0x65,0x55,0x50,0x55,0x55,0x55,0x95,0x55,0x55,0x45,0x54,0x54,0x55,0x55,0x65,0xa6,0x50,0x94,0x55,0x55,0x55,0x55,0x65,0x95,0x59,0x91,0x44,0x54,0x55,0x55,
0x55,0x45,0x65,0x55,0x11,0x58,0x55,0x95,0x55,0x51,0x56,0x55,0x54,0x55,0x95,0x55,0x59,0x65,0x65,0x56,0x44,0x55,0x55,0x55,0x41,0x65,0x55,0x91,0x55,0x48,0x55,0x55,
0x55,0x55,0x61,0x56,0x45,0x59,0x55,0x59,0x5,0x45,0x25,0x65,0x55,0x55,0x55,0x55,0x94,0x55,0x66,0x61,0x15,0x59,0x55,0x55,0x55,0x55,0x55,0x51,0x14,0x45,0x55,0x95,
0x55,0x55,0x45,0x55,0x55,0x55,0x55,0x55,0x55,0x55,0x45,0x55,0x50,0x46,0x55,0x55,0x5a,0x15,0x19,0x55,0x14,0x16,0x55,0x55,0x54,0x95,0x45,0x44,0x55,0x55,0x55,0x55,
0x55,0x95,0x41,0x55,0x0,0x55,0x55,0x55,0xa5,0x55,0x61,0x54,0x55,0x55,0x55,0x59,0x54,0x56,0x55,0x54,0x51,0x19,0x55,0x56,0x65,0x25,0x54,0x55,0x15,0x55,0x55,0x55,
};
inline constexpr uint64_t rotary_rocm_fingerprint=8112784722489594738ull;
}
